state,date,Confirmed,Deaths,Recovered
AK,01/22/2020,0,0,0
AK,01/23/2020,0,0,0
AK,01/24/2020,0,0,0
AK,01/25/2020,0,0,0
AK,01/26/2020,0,0,0
AK,01/27/2020,0,0,0
AK,01/28/2020,0,0,0
AK,01/29/2020,0,0,0
AK,01/30/2020,0,0,0
AK,01/31/2020,0,0,0
AK,02/01/2020,0,0,0
AK,02/02/2020,0,0,0
AK,02/03/2020,0,0,0
AK,02/04/2020,0,0,0
AK,02/05/2020,0,0,0
AK,02/06/2020,0,0,0
AK,02/07/2020,0,0,0
AK,02/08/2020,0,0,0
AK,02/09/2020,0,0,0
AK,02/10/2020,0,0,0
AK,02/11/2020,0,0,0
AK,02/12/2020,0,0,0
AK,02/13/2020,0,0,0
AK,02/14/2020,0,0,0
AK,02/15/2020,0,0,0
AK,02/16/2020,0,0,0
AK,02/17/2020,0,0,0
AK,02/18/2020,0,0,0
AK,02/19/2020,0,0,0
AK,02/20/2020,0,0,0
AK,02/21/2020,0,0,0
AK,02/22/2020,0,0,0
AK,02/23/2020,0,0,0
AK,02/24/2020,0,0,0
AK,02/25/2020,0,0,0
AK,02/26/2020,0,0,0
AK,02/27/2020,0,0,0
AK,02/28/2020,0,0,0
AK,02/29/2020,0,0,0
AK,03/01/2020,0,0,0
AK,03/02/2020,0,0,0
AK,03/03/2020,0,0,0
AK,03/04/2020,0,0,0
AK,03/05/2020,0,0,0
AK,03/06/2020,0,0,0
AK,03/07/2020,0,0,0
AK,03/08/2020,0,0,0
AK,03/09/2020,0,0,0
AK,03/10/2020,0,0,0
AK,03/11/2020,0,0,0
AK,03/12/2020,0,0,0
AK,03/13/2020,1,0,0
AK,03/14/2020,0,0,0
AK,03/15/2020,1,0,0
AK,03/16/2020,1,0,0
AK,03/17/2020,3,0,0
AK,03/18/2020,6,0,0
AL,01/22/2020,0,0,0
AL,01/23/2020,0,0,0
AL,01/24/2020,0,0,0
AL,01/25/2020,0,0,0
AL,01/26/2020,0,0,0
AL,01/27/2020,0,0,0
AL,01/28/2020,0,0,0
AL,01/29/2020,0,0,0
AL,01/30/2020,0,0,0
AL,01/31/2020,0,0,0
AL,02/01/2020,0,0,0
AL,02/02/2020,0,0,0
AL,02/03/2020,0,0,0
AL,02/04/2020,0,0,0
AL,02/05/2020,0,0,0
AL,02/06/2020,0,0,0
AL,02/07/2020,0,0,0
AL,02/08/2020,0,0,0
AL,02/09/2020,0,0,0
AL,02/10/2020,0,0,0
AL,02/11/2020,0,0,0
AL,02/12/2020,0,0,0
AL,02/13/2020,0,0,0
AL,02/14/2020,0,0,0
AL,02/15/2020,0,0,0
AL,02/16/2020,0,0,0
AL,02/17/2020,0,0,0
AL,02/18/2020,0,0,0
AL,02/19/2020,0,0,0
AL,02/20/2020,0,0,0
AL,02/21/2020,0,0,0
AL,02/22/2020,0,0,0
AL,02/23/2020,0,0,0
AL,02/24/2020,0,0,0
AL,02/25/2020,0,0,0
AL,02/26/2020,0,0,0
AL,02/27/2020,0,0,0
AL,02/28/2020,0,0,0
AL,02/29/2020,0,0,0
AL,03/01/2020,0,0,0
AL,03/02/2020,0,0,0
AL,03/03/2020,0,0,0
AL,03/04/2020,0,0,0
AL,03/05/2020,0,0,0
AL,03/06/2020,0,0,0
AL,03/07/2020,0,0,0
AL,03/08/2020,0,0,0
AL,03/09/2020,0,0,0
AL,03/10/2020,0,0,0
AL,03/11/2020,0,0,0
AL,03/12/2020,0,0,0
AL,03/13/2020,5,0,0
AL,03/14/2020,6,0,0
AL,03/15/2020,12,0,0
AL,03/16/2020,29,0,0
AL,03/17/2020,39,0,0
AL,03/18/2020,46,0,0
AR,01/22/2020,0,0,0
AR,01/23/2020,0,0,0
AR,01/24/2020,0,0,0
AR,01/25/2020,0,0,0
AR,01/26/2020,0,0,0
AR,01/27/2020,0,0,0
AR,01/28/2020,0,0,0
AR,01/29/2020,0,0,0
AR,01/30/2020,0,0,0
AR,01/31/2020,0,0,0
AR,02/01/2020,0,0,0
AR,02/02/2020,0,0,0
AR,02/03/2020,0,0,0
AR,02/04/2020,0,0,0
AR,02/05/2020,0,0,0
AR,02/06/2020,0,0,0
AR,02/07/2020,0,0,0
AR,02/08/2020,0,0,0
AR,02/09/2020,0,0,0
AR,02/10/2020,0,0,0
AR,02/11/2020,0,0,0
AR,02/12/2020,0,0,0
AR,02/13/2020,0,0,0
AR,02/14/2020,0,0,0
AR,02/15/2020,0,0,0
AR,02/16/2020,0,0,0
AR,02/17/2020,0,0,0
AR,02/18/2020,0,0,0
AR,02/19/2020,0,0,0
AR,02/20/2020,0,0,0
AR,02/21/2020,0,0,0
AR,02/22/2020,0,0,0
AR,02/23/2020,0,0,0
AR,02/24/2020,0,0,0
AR,02/25/2020,0,0,0
AR,02/26/2020,0,0,0
AR,02/27/2020,0,0,0
AR,02/28/2020,0,0,0
AR,02/29/2020,0,0,0
AR,03/01/2020,0,0,0
AR,03/02/2020,0,0,0
AR,03/03/2020,0,0,0
AR,03/04/2020,0,0,0
AR,03/05/2020,0,0,0
AR,03/06/2020,0,0,0
AR,03/07/2020,0,0,0
AR,03/08/2020,0,0,0
AR,03/09/2020,0,0,0
AR,03/10/2020,0,0,0
AR,03/11/2020,1,0,0
AR,03/12/2020,6,0,0
AR,03/13/2020,6,0,0
AR,03/14/2020,12,0,0
AR,03/15/2020,16,0,0
AR,03/16/2020,22,0,0
AR,03/17/2020,22,0,0
AR,03/18/2020,33,0,0
AZ,01/22/2020,0,0,0
AZ,01/23/2020,0,0,0
AZ,01/24/2020,0,0,0
AZ,01/25/2020,0,0,0
AZ,01/26/2020,1,0,0
AZ,01/27/2020,1,0,0
AZ,01/28/2020,1,0,0
AZ,01/29/2020,1,0,0
AZ,01/30/2020,1,0,0
AZ,01/31/2020,1,0,0
AZ,02/01/2020,1,0,0
AZ,02/02/2020,1,0,0
AZ,02/03/2020,1,0,0
AZ,02/04/2020,1,0,0
AZ,02/05/2020,1,0,0
AZ,02/06/2020,1,0,0
AZ,02/07/2020,1,0,0
AZ,02/08/2020,1,0,0
AZ,02/09/2020,1,0,0
AZ,02/10/2020,1,0,0
AZ,02/11/2020,1,0,0
AZ,02/12/2020,1,0,0
AZ,02/13/2020,1,0,0
AZ,02/14/2020,1,0,0
AZ,02/15/2020,1,0,0
AZ,02/16/2020,1,0,0
AZ,02/17/2020,1,0,0
AZ,02/18/2020,1,0,0
AZ,02/19/2020,1,0,0
AZ,02/20/2020,1,0,0
AZ,02/21/2020,1,0,0
AZ,02/22/2020,1,0,0
AZ,02/23/2020,1,0,0
AZ,02/24/2020,1,0,0
AZ,02/25/2020,1,0,1
AZ,02/26/2020,1,0,1
AZ,02/27/2020,1,0,1
AZ,02/28/2020,1,0,1
AZ,02/29/2020,1,0,1
AZ,03/01/2020,1,0,1
AZ,03/02/2020,1,0,1
AZ,03/03/2020,2,0,1
AZ,03/04/2020,2,0,1
AZ,03/05/2020,2,0,1
AZ,03/06/2020,3,0,1
AZ,03/07/2020,5,0,1
AZ,03/08/2020,5,0,1
AZ,03/09/2020,5,0,1
AZ,03/10/2020,6,0,1
AZ,03/11/2020,9,0,1
AZ,03/12/2020,9,0,1
AZ,03/13/2020,9,0,1
AZ,03/14/2020,12,0,1
AZ,03/15/2020,13,0,1
AZ,03/16/2020,18,0,1
AZ,03/17/2020,20,0,1
AZ,03/18/2020,27,0,0
CA,01/22/2020,0,0,0
CA,01/23/2020,0,0,0
CA,01/24/2020,0,0,0
CA,01/25/2020,0,0,0
CA,01/26/2020,2,0,0
CA,01/27/2020,2,0,0
CA,01/28/2020,2,0,0
CA,01/29/2020,2,0,0
CA,01/30/2020,2,0,0
CA,01/31/2020,2,0,0
CA,02/01/2020,3,0,0
CA,02/02/2020,3,0,0
CA,02/03/2020,6,0,0
CA,02/04/2020,6,0,0
CA,02/05/2020,6,0,0
CA,02/06/2020,6,0,0
CA,02/07/2020,6,0,0
CA,02/08/2020,6,0,0
CA,02/09/2020,6,0,0
CA,02/10/2020,6,0,0
CA,02/11/2020,7,0,0
CA,02/12/2020,7,0,0
CA,02/13/2020,8,0,0
CA,02/14/2020,8,0,0
CA,02/15/2020,8,0,0
CA,02/16/2020,8,0,0
CA,02/17/2020,8,0,0
CA,02/18/2020,8,0,0
CA,02/19/2020,8,0,0
CA,02/20/2020,8,0,0
CA,02/21/2020,15,0,2
CA,02/22/2020,15,0,2
CA,02/23/2020,15,0,2
CA,02/24/2020,10,0,2
CA,02/25/2020,10,0,2
CA,02/26/2020,10,0,2
CA,02/27/2020,11,0,2
CA,02/28/2020,11,0,2
CA,02/29/2020,12,0,2
CA,03/01/2020,12,0,2
CA,03/02/2020,21,0,2
CA,03/03/2020,25,0,2
CA,03/04/2020,35,1,2
CA,03/05/2020,51,1,2
CA,03/06/2020,59,1,2
CA,03/07/2020,82,1,2
CA,03/08/2020,98,1,2
CA,03/09/2020,104,1,2
CA,03/10/2020,144,2,2
CA,03/11/2020,177,3,2
CA,03/12/2020,221,4,6
CA,03/13/2020,282,4,6
CA,03/14/2020,340,5,6
CA,03/15/2020,426,6,6
CA,03/16/2020,557,7,6
CA,03/17/2020,698,12,6
CA,03/18/2020,751,13,0
CO,01/22/2020,0,0,0
CO,01/23/2020,0,0,0
CO,01/24/2020,0,0,0
CO,01/25/2020,0,0,0
CO,01/26/2020,0,0,0
CO,01/27/2020,0,0,0
CO,01/28/2020,0,0,0
CO,01/29/2020,0,0,0
CO,01/30/2020,0,0,0
CO,01/31/2020,0,0,0
CO,02/01/2020,0,0,0
CO,02/02/2020,0,0,0
CO,02/03/2020,0,0,0
CO,02/04/2020,0,0,0
CO,02/05/2020,0,0,0
CO,02/06/2020,0,0,0
CO,02/07/2020,0,0,0
CO,02/08/2020,0,0,0
CO,02/09/2020,0,0,0
CO,02/10/2020,0,0,0
CO,02/11/2020,0,0,0
CO,02/12/2020,0,0,0
CO,02/13/2020,0,0,0
CO,02/14/2020,0,0,0
CO,02/15/2020,0,0,0
CO,02/16/2020,0,0,0
CO,02/17/2020,0,0,0
CO,02/18/2020,0,0,0
CO,02/19/2020,0,0,0
CO,02/20/2020,0,0,0
CO,02/21/2020,0,0,0
CO,02/22/2020,0,0,0
CO,02/23/2020,0,0,0
CO,02/24/2020,0,0,0
CO,02/25/2020,0,0,0
CO,02/26/2020,0,0,0
CO,02/27/2020,0,0,0
CO,02/28/2020,0,0,0
CO,02/29/2020,0,0,0
CO,03/01/2020,0,0,0
CO,03/02/2020,0,0,0
CO,03/03/2020,0,0,0
CO,03/04/2020,0,0,0
CO,03/05/2020,0,0,0
CO,03/06/2020,4,0,0
CO,03/07/2020,8,0,0
CO,03/08/2020,8,0,0
CO,03/09/2020,8,0,0
CO,03/10/2020,15,0,0
CO,03/11/2020,34,0,0
CO,03/12/2020,45,0,0
CO,03/13/2020,49,0,0
CO,03/14/2020,101,1,0
CO,03/15/2020,131,1,0
CO,03/16/2020,160,1,0
CO,03/17/2020,160,2,0
CO,03/18/2020,184,2,0
Cruise,01/22/2020,0,0,0
Cruise,01/23/2020,0,0,0
Cruise,01/24/2020,0,0,0
Cruise,01/25/2020,0,0,0
Cruise,01/26/2020,0,0,0
Cruise,01/27/2020,0,0,0
Cruise,01/28/2020,0,0,0
Cruise,01/29/2020,0,0,0
Cruise,01/30/2020,0,0,0
Cruise,01/31/2020,0,0,0
Cruise,02/01/2020,0,0,0
Cruise,02/02/2020,0,0,0
Cruise,02/03/2020,0,0,0
Cruise,02/04/2020,0,0,0
Cruise,02/05/2020,0,0,0
Cruise,02/06/2020,0,0,0
Cruise,02/07/2020,0,0,0
Cruise,02/08/2020,0,0,0
Cruise,02/09/2020,0,0,0
Cruise,02/10/2020,0,0,0
Cruise,02/11/2020,0,0,0
Cruise,02/12/2020,0,0,0
Cruise,02/13/2020,0,0,0
Cruise,02/14/2020,0,0,0
Cruise,02/15/2020,0,0,0
Cruise,02/16/2020,0,0,0
Cruise,02/17/2020,0,0,0
Cruise,02/18/2020,0,0,0
Cruise,02/19/2020,0,0,0
Cruise,02/20/2020,0,0,0
Cruise,02/21/2020,0,0,0
Cruise,02/22/2020,0,0,0
Cruise,02/23/2020,0,0,0
Cruise,02/24/2020,36,0,0
Cruise,02/25/2020,36,0,0
Cruise,02/26/2020,42,0,0
Cruise,02/27/2020,42,0,0
Cruise,02/28/2020,44,0,0
Cruise,02/29/2020,44,0,0
Cruise,03/01/2020,44,0,0
Cruise,03/02/2020,45,0,0
Cruise,03/03/2020,45,0,0
Cruise,03/04/2020,45,0,0
Cruise,03/05/2020,45,0,0
Cruise,03/06/2020,45,0,0
Cruise,03/07/2020,66,0,0
Cruise,03/08/2020,66,0,0
Cruise,03/09/2020,66,0,0
Cruise,03/10/2020,67,0,0
Cruise,03/11/2020,67,0,0
Cruise,03/12/2020,67,0,0
Cruise,03/13/2020,67,0,0
Cruise,03/14/2020,67,0,0
Cruise,03/15/2020,67,0,0
Cruise,03/16/2020,67,0,0
Cruise,03/17/2020,68,0,0
Cruise,03/18/2020,68,0,0
CT,01/22/2020,0,0,0
CT,01/23/2020,0,0,0
CT,01/24/2020,0,0,0
CT,01/25/2020,0,0,0
CT,01/26/2020,0,0,0
CT,01/27/2020,0,0,0
CT,01/28/2020,0,0,0
CT,01/29/2020,0,0,0
CT,01/30/2020,0,0,0
CT,01/31/2020,0,0,0
CT,02/01/2020,0,0,0
CT,02/02/2020,0,0,0
CT,02/03/2020,0,0,0
CT,02/04/2020,0,0,0
CT,02/05/2020,0,0,0
CT,02/06/2020,0,0,0
CT,02/07/2020,0,0,0
CT,02/08/2020,0,0,0
CT,02/09/2020,0,0,0
CT,02/10/2020,0,0,0
CT,02/11/2020,0,0,0
CT,02/12/2020,0,0,0
CT,02/13/2020,0,0,0
CT,02/14/2020,0,0,0
CT,02/15/2020,0,0,0
CT,02/16/2020,0,0,0
CT,02/17/2020,0,0,0
CT,02/18/2020,0,0,0
CT,02/19/2020,0,0,0
CT,02/20/2020,0,0,0
CT,02/21/2020,0,0,0
CT,02/22/2020,0,0,0
CT,02/23/2020,0,0,0
CT,02/24/2020,0,0,0
CT,02/25/2020,0,0,0
CT,02/26/2020,0,0,0
CT,02/27/2020,0,0,0
CT,02/28/2020,0,0,0
CT,02/29/2020,0,0,0
CT,03/01/2020,0,0,0
CT,03/02/2020,0,0,0
CT,03/03/2020,0,0,0
CT,03/04/2020,0,0,0
CT,03/05/2020,0,0,0
CT,03/06/2020,0,0,0
CT,03/07/2020,2,0,0
CT,03/08/2020,1,0,0
CT,03/09/2020,1,0,0
CT,03/10/2020,2,0,0
CT,03/11/2020,3,0,0
CT,03/12/2020,5,0,0
CT,03/13/2020,11,0,0
CT,03/14/2020,22,0,0
CT,03/15/2020,24,0,0
CT,03/16/2020,30,0,0
CT,03/17/2020,68,0,0
CT,03/18/2020,68,0,0
DC,01/22/2020,0,0,0
DC,01/23/2020,0,0,0
DC,01/24/2020,0,0,0
DC,01/25/2020,0,0,0
DC,01/26/2020,0,0,0
DC,01/27/2020,0,0,0
DC,01/28/2020,0,0,0
DC,01/29/2020,0,0,0
DC,01/30/2020,0,0,0
DC,01/31/2020,0,0,0
DC,02/01/2020,0,0,0
DC,02/02/2020,0,0,0
DC,02/03/2020,0,0,0
DC,02/04/2020,0,0,0
DC,02/05/2020,0,0,0
DC,02/06/2020,0,0,0
DC,02/07/2020,0,0,0
DC,02/08/2020,0,0,0
DC,02/09/2020,0,0,0
DC,02/10/2020,0,0,0
DC,02/11/2020,0,0,0
DC,02/12/2020,0,0,0
DC,02/13/2020,0,0,0
DC,02/14/2020,0,0,0
DC,02/15/2020,0,0,0
DC,02/16/2020,0,0,0
DC,02/17/2020,0,0,0
DC,02/18/2020,0,0,0
DC,02/19/2020,0,0,0
DC,02/20/2020,0,0,0
DC,02/21/2020,0,0,0
DC,02/22/2020,0,0,0
DC,02/23/2020,0,0,0
DC,02/24/2020,0,0,0
DC,02/25/2020,0,0,0
DC,02/26/2020,0,0,0
DC,02/27/2020,0,0,0
DC,02/28/2020,0,0,0
DC,02/29/2020,0,0,0
DC,03/01/2020,0,0,0
DC,03/02/2020,0,0,0
DC,03/03/2020,0,0,0
DC,03/04/2020,0,0,0
DC,03/05/2020,0,0,0
DC,03/06/2020,0,0,0
DC,03/07/2020,2,0,0
DC,03/08/2020,2,0,0
DC,03/09/2020,4,0,0
DC,03/10/2020,4,0,0
DC,03/11/2020,10,0,0
DC,03/12/2020,10,0,0
DC,03/13/2020,10,0,0
DC,03/14/2020,16,0,0
DC,03/15/2020,17,0,0
DC,03/16/2020,22,0,0
DC,03/17/2020,31,0,0
DC,03/18/2020,39,0,0
DE,01/22/2020,0,0,0
DE,01/23/2020,0,0,0
DE,01/24/2020,0,0,0
DE,01/25/2020,0,0,0
DE,01/26/2020,0,0,0
DE,01/27/2020,0,0,0
DE,01/28/2020,0,0,0
DE,01/29/2020,0,0,0
DE,01/30/2020,0,0,0
DE,01/31/2020,0,0,0
DE,02/01/2020,0,0,0
DE,02/02/2020,0,0,0
DE,02/03/2020,0,0,0
DE,02/04/2020,0,0,0
DE,02/05/2020,0,0,0
DE,02/06/2020,0,0,0
DE,02/07/2020,0,0,0
DE,02/08/2020,0,0,0
DE,02/09/2020,0,0,0
DE,02/10/2020,0,0,0
DE,02/11/2020,0,0,0
DE,02/12/2020,0,0,0
DE,02/13/2020,0,0,0
DE,02/14/2020,0,0,0
DE,02/15/2020,0,0,0
DE,02/16/2020,0,0,0
DE,02/17/2020,0,0,0
DE,02/18/2020,0,0,0
DE,02/19/2020,0,0,0
DE,02/20/2020,0,0,0
DE,02/21/2020,0,0,0
DE,02/22/2020,0,0,0
DE,02/23/2020,0,0,0
DE,02/24/2020,0,0,0
DE,02/25/2020,0,0,0
DE,02/26/2020,0,0,0
DE,02/27/2020,0,0,0
DE,02/28/2020,0,0,0
DE,02/29/2020,0,0,0
DE,03/01/2020,0,0,0
DE,03/02/2020,0,0,0
DE,03/03/2020,0,0,0
DE,03/04/2020,0,0,0
DE,03/05/2020,0,0,0
DE,03/06/2020,0,0,0
DE,03/07/2020,0,0,0
DE,03/08/2020,0,0,0
DE,03/09/2020,0,0,0
DE,03/10/2020,0,0,0
DE,03/11/2020,1,0,0
DE,03/12/2020,1,0,0
DE,03/13/2020,4,0,0
DE,03/14/2020,6,0,0
DE,03/15/2020,7,0,0
DE,03/16/2020,8,0,0
DE,03/17/2020,16,0,0
DE,03/18/2020,19,0,0
FL,01/22/2020,0,0,0
FL,01/23/2020,0,0,0
FL,01/24/2020,0,0,0
FL,01/25/2020,0,0,0
FL,01/26/2020,0,0,0
FL,01/27/2020,0,0,0
FL,01/28/2020,0,0,0
FL,01/29/2020,0,0,0
FL,01/30/2020,0,0,0
FL,01/31/2020,0,0,0
FL,02/01/2020,0,0,0
FL,02/02/2020,0,0,0
FL,02/03/2020,0,0,0
FL,02/04/2020,0,0,0
FL,02/05/2020,0,0,0
FL,02/06/2020,0,0,0
FL,02/07/2020,0,0,0
FL,02/08/2020,0,0,0
FL,02/09/2020,0,0,0
FL,02/10/2020,0,0,0
FL,02/11/2020,0,0,0
FL,02/12/2020,0,0,0
FL,02/13/2020,0,0,0
FL,02/14/2020,0,0,0
FL,02/15/2020,0,0,0
FL,02/16/2020,0,0,0
FL,02/17/2020,0,0,0
FL,02/18/2020,0,0,0
FL,02/19/2020,0,0,0
FL,02/20/2020,0,0,0
FL,02/21/2020,0,0,0
FL,02/22/2020,0,0,0
FL,02/23/2020,0,0,0
FL,02/24/2020,0,0,0
FL,02/25/2020,0,0,0
FL,02/26/2020,0,0,0
FL,02/27/2020,0,0,0
FL,02/28/2020,0,0,0
FL,02/29/2020,0,0,0
FL,03/01/2020,0,0,0
FL,03/02/2020,2,0,0
FL,03/03/2020,3,0,0
FL,03/04/2020,3,0,0
FL,03/05/2020,4,0,0
FL,03/06/2020,4,0,0
FL,03/07/2020,8,0,0
FL,03/08/2020,11,2,0
FL,03/09/2020,14,2,0
FL,03/10/2020,15,2,0
FL,03/11/2020,28,2,0
FL,03/12/2020,35,2,0
FL,03/13/2020,50,2,0
FL,03/14/2020,76,3,0
FL,03/15/2020,115,4,0
FL,03/16/2020,155,5,0
FL,03/17/2020,216,6,0
FL,03/18/2020,314,7,0
GA,01/22/2020,0,0,0
GA,01/23/2020,0,0,0
GA,01/24/2020,0,0,0
GA,01/25/2020,0,0,0
GA,01/26/2020,0,0,0
GA,01/27/2020,0,0,0
GA,01/28/2020,0,0,0
GA,01/29/2020,0,0,0
GA,01/30/2020,0,0,0
GA,01/31/2020,0,0,0
GA,02/01/2020,0,0,0
GA,02/02/2020,0,0,0
GA,02/03/2020,0,0,0
GA,02/04/2020,0,0,0
GA,02/05/2020,0,0,0
GA,02/06/2020,0,0,0
GA,02/07/2020,0,0,0
GA,02/08/2020,0,0,0
GA,02/09/2020,0,0,0
GA,02/10/2020,0,0,0
GA,02/11/2020,0,0,0
GA,02/12/2020,0,0,0
GA,02/13/2020,0,0,0
GA,02/14/2020,0,0,0
GA,02/15/2020,0,0,0
GA,02/16/2020,0,0,0
GA,02/17/2020,0,0,0
GA,02/18/2020,0,0,0
GA,02/19/2020,0,0,0
GA,02/20/2020,0,0,0
GA,02/21/2020,0,0,0
GA,02/22/2020,0,0,0
GA,02/23/2020,0,0,0
GA,02/24/2020,0,0,0
GA,02/25/2020,0,0,0
GA,02/26/2020,0,0,0
GA,02/27/2020,0,0,0
GA,02/28/2020,0,0,0
GA,02/29/2020,0,0,0
GA,03/01/2020,0,0,0
GA,03/02/2020,0,0,0
GA,03/03/2020,2,0,0
GA,03/04/2020,2,0,0
GA,03/05/2020,2,0,0
GA,03/06/2020,3,0,0
GA,03/07/2020,6,0,0
GA,03/08/2020,5,0,0
GA,03/09/2020,10,0,0
GA,03/10/2020,17,0,0
GA,03/11/2020,23,0,0
GA,03/12/2020,31,1,0
GA,03/13/2020,42,1,0
GA,03/14/2020,66,1,0
GA,03/15/2020,99,1,0
GA,03/16/2020,121,1,0
GA,03/17/2020,146,1,0
GA,03/18/2020,199,3,0
GU,01/22/2020,0,0,0
GU,01/23/2020,0,0,0
GU,01/24/2020,0,0,0
GU,01/25/2020,0,0,0
GU,01/26/2020,0,0,0
GU,01/27/2020,0,0,0
GU,01/28/2020,0,0,0
GU,01/29/2020,0,0,0
GU,01/30/2020,0,0,0
GU,01/31/2020,0,0,0
GU,02/01/2020,0,0,0
GU,02/02/2020,0,0,0
GU,02/03/2020,0,0,0
GU,02/04/2020,0,0,0
GU,02/05/2020,0,0,0
GU,02/06/2020,0,0,0
GU,02/07/2020,0,0,0
GU,02/08/2020,0,0,0
GU,02/09/2020,0,0,0
GU,02/10/2020,0,0,0
GU,02/11/2020,0,0,0
GU,02/12/2020,0,0,0
GU,02/13/2020,0,0,0
GU,02/14/2020,0,0,0
GU,02/15/2020,0,0,0
GU,02/16/2020,0,0,0
GU,02/17/2020,0,0,0
GU,02/18/2020,0,0,0
GU,02/19/2020,0,0,0
GU,02/20/2020,0,0,0
GU,02/21/2020,0,0,0
GU,02/22/2020,0,0,0
GU,02/23/2020,0,0,0
GU,02/24/2020,0,0,0
GU,02/25/2020,0,0,0
GU,02/26/2020,0,0,0
GU,02/27/2020,0,0,0
GU,02/28/2020,0,0,0
GU,02/29/2020,0,0,0
GU,03/01/2020,0,0,0
GU,03/02/2020,0,0,0
GU,03/03/2020,0,0,0
GU,03/04/2020,0,0,0
GU,03/05/2020,0,0,0
GU,03/06/2020,0,0,0
GU,03/07/2020,0,0,0
GU,03/08/2020,0,0,0
GU,03/09/2020,0,0,0
GU,03/10/2020,0,0,0
GU,03/11/2020,0,0,0
GU,03/12/2020,0,0,0
GU,03/13/2020,0,0,0
GU,03/14/2020,0,0,0
GU,03/15/2020,3,0,0
GU,03/16/2020,3,0,0
GU,03/17/2020,3,0,0
GU,03/18/2020,5,0,0
HI,01/22/2020,0,0,0
HI,01/23/2020,0,0,0
HI,01/24/2020,0,0,0
HI,01/25/2020,0,0,0
HI,01/26/2020,0,0,0
HI,01/27/2020,0,0,0
HI,01/28/2020,0,0,0
HI,01/29/2020,0,0,0
HI,01/30/2020,0,0,0
HI,01/31/2020,0,0,0
HI,02/01/2020,0,0,0
HI,02/02/2020,0,0,0
HI,02/03/2020,0,0,0
HI,02/04/2020,0,0,0
HI,02/05/2020,0,0,0
HI,02/06/2020,0,0,0
HI,02/07/2020,0,0,0
HI,02/08/2020,0,0,0
HI,02/09/2020,0,0,0
HI,02/10/2020,0,0,0
HI,02/11/2020,0,0,0
HI,02/12/2020,0,0,0
HI,02/13/2020,0,0,0
HI,02/14/2020,0,0,0
HI,02/15/2020,0,0,0
HI,02/16/2020,0,0,0
HI,02/17/2020,0,0,0
HI,02/18/2020,0,0,0
HI,02/19/2020,0,0,0
HI,02/20/2020,0,0,0
HI,02/21/2020,0,0,0
HI,02/22/2020,0,0,0
HI,02/23/2020,0,0,0
HI,02/24/2020,0,0,0
HI,02/25/2020,0,0,0
HI,02/26/2020,0,0,0
HI,02/27/2020,0,0,0
HI,02/28/2020,0,0,0
HI,02/29/2020,0,0,0
HI,03/01/2020,0,0,0
HI,03/02/2020,0,0,0
HI,03/03/2020,0,0,0
HI,03/04/2020,0,0,0
HI,03/05/2020,0,0,0
HI,03/06/2020,0,0,0
HI,03/07/2020,1,0,0
HI,03/08/2020,1,0,0
HI,03/09/2020,2,0,0
HI,03/10/2020,2,0,0
HI,03/11/2020,2,0,0
HI,03/12/2020,2,0,0
HI,03/13/2020,2,0,0
HI,03/14/2020,4,0,0
HI,03/15/2020,6,0,0
HI,03/16/2020,7,0,0
HI,03/17/2020,10,0,0
HI,03/18/2020,14,0,0
IA,01/22/2020,0,0,0
IA,01/23/2020,0,0,0
IA,01/24/2020,0,0,0
IA,01/25/2020,0,0,0
IA,01/26/2020,0,0,0
IA,01/27/2020,0,0,0
IA,01/28/2020,0,0,0
IA,01/29/2020,0,0,0
IA,01/30/2020,0,0,0
IA,01/31/2020,0,0,0
IA,02/01/2020,0,0,0
IA,02/02/2020,0,0,0
IA,02/03/2020,0,0,0
IA,02/04/2020,0,0,0
IA,02/05/2020,0,0,0
IA,02/06/2020,0,0,0
IA,02/07/2020,0,0,0
IA,02/08/2020,0,0,0
IA,02/09/2020,0,0,0
IA,02/10/2020,0,0,0
IA,02/11/2020,0,0,0
IA,02/12/2020,0,0,0
IA,02/13/2020,0,0,0
IA,02/14/2020,0,0,0
IA,02/15/2020,0,0,0
IA,02/16/2020,0,0,0
IA,02/17/2020,0,0,0
IA,02/18/2020,0,0,0
IA,02/19/2020,0,0,0
IA,02/20/2020,0,0,0
IA,02/21/2020,0,0,0
IA,02/22/2020,0,0,0
IA,02/23/2020,0,0,0
IA,02/24/2020,0,0,0
IA,02/25/2020,0,0,0
IA,02/26/2020,0,0,0
IA,02/27/2020,0,0,0
IA,02/28/2020,0,0,0
IA,02/29/2020,0,0,0
IA,03/01/2020,0,0,0
IA,03/02/2020,0,0,0
IA,03/03/2020,0,0,0
IA,03/04/2020,0,0,0
IA,03/05/2020,0,0,0
IA,03/06/2020,0,0,0
IA,03/07/2020,0,0,0
IA,03/08/2020,0,0,0
IA,03/09/2020,3,0,0
IA,03/10/2020,8,0,0
IA,03/11/2020,13,0,0
IA,03/12/2020,16,0,0
IA,03/13/2020,17,0,0
IA,03/14/2020,17,0,0
IA,03/15/2020,18,0,0
IA,03/16/2020,23,0,0
IA,03/17/2020,23,0,0
IA,03/18/2020,29,0,0
ID,01/22/2020,0,0,0
ID,01/23/2020,0,0,0
ID,01/24/2020,0,0,0
ID,01/25/2020,0,0,0
ID,01/26/2020,0,0,0
ID,01/27/2020,0,0,0
ID,01/28/2020,0,0,0
ID,01/29/2020,0,0,0
ID,01/30/2020,0,0,0
ID,01/31/2020,0,0,0
ID,02/01/2020,0,0,0
ID,02/02/2020,0,0,0
ID,02/03/2020,0,0,0
ID,02/04/2020,0,0,0
ID,02/05/2020,0,0,0
ID,02/06/2020,0,0,0
ID,02/07/2020,0,0,0
ID,02/08/2020,0,0,0
ID,02/09/2020,0,0,0
ID,02/10/2020,0,0,0
ID,02/11/2020,0,0,0
ID,02/12/2020,0,0,0
ID,02/13/2020,0,0,0
ID,02/14/2020,0,0,0
ID,02/15/2020,0,0,0
ID,02/16/2020,0,0,0
ID,02/17/2020,0,0,0
ID,02/18/2020,0,0,0
ID,02/19/2020,0,0,0
ID,02/20/2020,0,0,0
ID,02/21/2020,0,0,0
ID,02/22/2020,0,0,0
ID,02/23/2020,0,0,0
ID,02/24/2020,0,0,0
ID,02/25/2020,0,0,0
ID,02/26/2020,0,0,0
ID,02/27/2020,0,0,0
ID,02/28/2020,0,0,0
ID,02/29/2020,0,0,0
ID,03/01/2020,0,0,0
ID,03/02/2020,0,0,0
ID,03/03/2020,0,0,0
ID,03/04/2020,0,0,0
ID,03/05/2020,0,0,0
ID,03/06/2020,0,0,0
ID,03/07/2020,0,0,0
ID,03/08/2020,0,0,0
ID,03/09/2020,0,0,0
ID,03/10/2020,0,0,0
ID,03/11/2020,0,0,0
ID,03/12/2020,0,0,0
ID,03/13/2020,1,0,0
ID,03/14/2020,2,0,0
ID,03/15/2020,5,0,0
ID,03/16/2020,5,0,0
ID,03/17/2020,8,0,0
ID,03/18/2020,9,0,0
IL,01/22/2020,0,0,0
IL,01/23/2020,0,0,0
IL,01/24/2020,1,0,0
IL,01/25/2020,1,0,0
IL,01/26/2020,1,0,0
IL,01/27/2020,1,0,0
IL,01/28/2020,1,0,0
IL,01/29/2020,1,0,0
IL,01/30/2020,1,0,0
IL,01/31/2020,2,0,0
IL,02/01/2020,2,0,0
IL,02/02/2020,2,0,0
IL,02/03/2020,2,0,0
IL,02/04/2020,2,0,0
IL,02/05/2020,2,0,0
IL,02/06/2020,2,0,0
IL,02/07/2020,2,0,0
IL,02/08/2020,2,0,0
IL,02/09/2020,2,0,2
IL,02/10/2020,2,0,2
IL,02/11/2020,2,0,2
IL,02/12/2020,2,0,2
IL,02/13/2020,2,0,2
IL,02/14/2020,2,0,2
IL,02/15/2020,2,0,2
IL,02/16/2020,2,0,2
IL,02/17/2020,2,0,2
IL,02/18/2020,2,0,2
IL,02/19/2020,2,0,2
IL,02/20/2020,2,0,2
IL,02/21/2020,2,0,2
IL,02/22/2020,2,0,2
IL,02/23/2020,2,0,2
IL,02/24/2020,2,0,2
IL,02/25/2020,2,0,2
IL,02/26/2020,2,0,2
IL,02/27/2020,2,0,2
IL,02/28/2020,2,0,2
IL,02/29/2020,2,0,2
IL,03/01/2020,3,0,2
IL,03/02/2020,4,0,2
IL,03/03/2020,4,0,2
IL,03/04/2020,4,0,2
IL,03/05/2020,5,0,2
IL,03/06/2020,5,0,2
IL,03/07/2020,6,0,2
IL,03/08/2020,7,0,2
IL,03/09/2020,7,0,2
IL,03/10/2020,12,0,2
IL,03/11/2020,25,0,2
IL,03/12/2020,32,0,2
IL,03/13/2020,46,0,2
IL,03/14/2020,64,0,2
IL,03/15/2020,93,0,2
IL,03/16/2020,105,0,2
IL,03/17/2020,161,1,2
IL,03/18/2020,162,1,0
IN,01/22/2020,0,0,0
IN,01/23/2020,0,0,0
IN,01/24/2020,0,0,0
IN,01/25/2020,0,0,0
IN,01/26/2020,0,0,0
IN,01/27/2020,0,0,0
IN,01/28/2020,0,0,0
IN,01/29/2020,0,0,0
IN,01/30/2020,0,0,0
IN,01/31/2020,0,0,0
IN,02/01/2020,0,0,0
IN,02/02/2020,0,0,0
IN,02/03/2020,0,0,0
IN,02/04/2020,0,0,0
IN,02/05/2020,0,0,0
IN,02/06/2020,0,0,0
IN,02/07/2020,0,0,0
IN,02/08/2020,0,0,0
IN,02/09/2020,0,0,0
IN,02/10/2020,0,0,0
IN,02/11/2020,0,0,0
IN,02/12/2020,0,0,0
IN,02/13/2020,0,0,0
IN,02/14/2020,0,0,0
IN,02/15/2020,0,0,0
IN,02/16/2020,0,0,0
IN,02/17/2020,0,0,0
IN,02/18/2020,0,0,0
IN,02/19/2020,0,0,0
IN,02/20/2020,0,0,0
IN,02/21/2020,0,0,0
IN,02/22/2020,0,0,0
IN,02/23/2020,0,0,0
IN,02/24/2020,0,0,0
IN,02/25/2020,0,0,0
IN,02/26/2020,0,0,0
IN,02/27/2020,0,0,0
IN,02/28/2020,0,0,0
IN,02/29/2020,0,0,0
IN,03/01/2020,0,0,0
IN,03/02/2020,0,0,0
IN,03/03/2020,0,0,0
IN,03/04/2020,0,0,0
IN,03/05/2020,0,0,0
IN,03/06/2020,1,0,0
IN,03/07/2020,1,0,0
IN,03/08/2020,2,0,0
IN,03/09/2020,3,0,0
IN,03/10/2020,6,0,0
IN,03/11/2020,11,0,0
IN,03/12/2020,13,0,0
IN,03/13/2020,13,0,0
IN,03/14/2020,16,0,0
IN,03/15/2020,20,0,0
IN,03/16/2020,25,1,0
IN,03/17/2020,30,2,0
IN,03/18/2020,39,2,0
KS,01/22/2020,0,0,0
KS,01/23/2020,0,0,0
KS,01/24/2020,0,0,0
KS,01/25/2020,0,0,0
KS,01/26/2020,0,0,0
KS,01/27/2020,0,0,0
KS,01/28/2020,0,0,0
KS,01/29/2020,0,0,0
KS,01/30/2020,0,0,0
KS,01/31/2020,0,0,0
KS,02/01/2020,0,0,0
KS,02/02/2020,0,0,0
KS,02/03/2020,0,0,0
KS,02/04/2020,0,0,0
KS,02/05/2020,0,0,0
KS,02/06/2020,0,0,0
KS,02/07/2020,0,0,0
KS,02/08/2020,0,0,0
KS,02/09/2020,0,0,0
KS,02/10/2020,0,0,0
KS,02/11/2020,0,0,0
KS,02/12/2020,0,0,0
KS,02/13/2020,0,0,0
KS,02/14/2020,0,0,0
KS,02/15/2020,0,0,0
KS,02/16/2020,0,0,0
KS,02/17/2020,0,0,0
KS,02/18/2020,0,0,0
KS,02/19/2020,0,0,0
KS,02/20/2020,0,0,0
KS,02/21/2020,0,0,0
KS,02/22/2020,0,0,0
KS,02/23/2020,0,0,0
KS,02/24/2020,0,0,0
KS,02/25/2020,0,0,0
KS,02/26/2020,0,0,0
KS,02/27/2020,0,0,0
KS,02/28/2020,0,0,0
KS,02/29/2020,0,0,0
KS,03/01/2020,0,0,0
KS,03/02/2020,0,0,0
KS,03/03/2020,0,0,0
KS,03/04/2020,0,0,0
KS,03/05/2020,0,0,0
KS,03/06/2020,0,0,0
KS,03/07/2020,0,0,0
KS,03/08/2020,1,0,0
KS,03/09/2020,1,0,0
KS,03/10/2020,1,0,0
KS,03/11/2020,1,0,0
KS,03/12/2020,1,0,0
KS,03/13/2020,5,1,0
KS,03/14/2020,8,1,0
KS,03/15/2020,8,1,0
KS,03/16/2020,11,1,0
KS,03/17/2020,18,1,0
KS,03/18/2020,18,1,0
KY,01/22/2020,0,0,0
KY,01/23/2020,0,0,0
KY,01/24/2020,0,0,0
KY,01/25/2020,0,0,0
KY,01/26/2020,0,0,0
KY,01/27/2020,0,0,0
KY,01/28/2020,0,0,0
KY,01/29/2020,0,0,0
KY,01/30/2020,0,0,0
KY,01/31/2020,0,0,0
KY,02/01/2020,0,0,0
KY,02/02/2020,0,0,0
KY,02/03/2020,0,0,0
KY,02/04/2020,0,0,0
KY,02/05/2020,0,0,0
KY,02/06/2020,0,0,0
KY,02/07/2020,0,0,0
KY,02/08/2020,0,0,0
KY,02/09/2020,0,0,0
KY,02/10/2020,0,0,0
KY,02/11/2020,0,0,0
KY,02/12/2020,0,0,0
KY,02/13/2020,0,0,0
KY,02/14/2020,0,0,0
KY,02/15/2020,0,0,0
KY,02/16/2020,0,0,0
KY,02/17/2020,0,0,0
KY,02/18/2020,0,0,0
KY,02/19/2020,0,0,0
KY,02/20/2020,0,0,0
KY,02/21/2020,0,0,0
KY,02/22/2020,0,0,0
KY,02/23/2020,0,0,0
KY,02/24/2020,0,0,0
KY,02/25/2020,0,0,0
KY,02/26/2020,0,0,0
KY,02/27/2020,0,0,0
KY,02/28/2020,0,0,0
KY,02/29/2020,0,0,0
KY,03/01/2020,0,0,0
KY,03/02/2020,0,0,0
KY,03/03/2020,0,0,0
KY,03/04/2020,0,0,0
KY,03/05/2020,0,0,0
KY,03/06/2020,1,0,0
KY,03/07/2020,1,0,0
KY,03/08/2020,1,0,0
KY,03/09/2020,4,0,0
KY,03/10/2020,6,0,0
KY,03/11/2020,8,0,0
KY,03/12/2020,10,0,0
KY,03/13/2020,14,0,0
KY,03/14/2020,14,0,0
KY,03/15/2020,20,0,0
KY,03/16/2020,21,1,1
KY,03/17/2020,26,1,1
KY,03/18/2020,27,1,0
LA,01/22/2020,0,0,0
LA,01/23/2020,0,0,0
LA,01/24/2020,0,0,0
LA,01/25/2020,0,0,0
LA,01/26/2020,0,0,0
LA,01/27/2020,0,0,0
LA,01/28/2020,0,0,0
LA,01/29/2020,0,0,0
LA,01/30/2020,0,0,0
LA,01/31/2020,0,0,0
LA,02/01/2020,0,0,0
LA,02/02/2020,0,0,0
LA,02/03/2020,0,0,0
LA,02/04/2020,0,0,0
LA,02/05/2020,0,0,0
LA,02/06/2020,0,0,0
LA,02/07/2020,0,0,0
LA,02/08/2020,0,0,0
LA,02/09/2020,0,0,0
LA,02/10/2020,0,0,0
LA,02/11/2020,0,0,0
LA,02/12/2020,0,0,0
LA,02/13/2020,0,0,0
LA,02/14/2020,0,0,0
LA,02/15/2020,0,0,0
LA,02/16/2020,0,0,0
LA,02/17/2020,0,0,0
LA,02/18/2020,0,0,0
LA,02/19/2020,0,0,0
LA,02/20/2020,0,0,0
LA,02/21/2020,0,0,0
LA,02/22/2020,0,0,0
LA,02/23/2020,0,0,0
LA,02/24/2020,0,0,0
LA,02/25/2020,0,0,0
LA,02/26/2020,0,0,0
LA,02/27/2020,0,0,0
LA,02/28/2020,0,0,0
LA,02/29/2020,0,0,0
LA,03/01/2020,0,0,0
LA,03/02/2020,0,0,0
LA,03/03/2020,0,0,0
LA,03/04/2020,0,0,0
LA,03/05/2020,0,0,0
LA,03/06/2020,0,0,0
LA,03/07/2020,0,0,0
LA,03/08/2020,0,0,0
LA,03/09/2020,1,0,0
LA,03/10/2020,1,0,0
LA,03/11/2020,6,0,0
LA,03/12/2020,19,0,0
LA,03/13/2020,36,0,0
LA,03/14/2020,77,1,0
LA,03/15/2020,91,2,0
LA,03/16/2020,136,3,0
LA,03/17/2020,196,4,0
LA,03/18/2020,257,4,0
MA,01/22/2020,0,0,0
MA,01/23/2020,0,0,0
MA,01/24/2020,0,0,0
MA,01/25/2020,0,0,0
MA,01/26/2020,0,0,0
MA,01/27/2020,0,0,0
MA,01/28/2020,0,0,0
MA,01/29/2020,0,0,0
MA,01/30/2020,0,0,0
MA,01/31/2020,0,0,0
MA,02/01/2020,1,0,0
MA,02/02/2020,1,0,0
MA,02/03/2020,1,0,0
MA,02/04/2020,1,0,0
MA,02/05/2020,1,0,0
MA,02/06/2020,1,0,0
MA,02/07/2020,1,0,0
MA,02/08/2020,1,0,0
MA,02/09/2020,1,0,0
MA,02/10/2020,1,0,0
MA,02/11/2020,1,0,0
MA,02/12/2020,1,0,0
MA,02/13/2020,1,0,0
MA,02/14/2020,1,0,0
MA,02/15/2020,1,0,0
MA,02/16/2020,1,0,0
MA,02/17/2020,1,0,0
MA,02/18/2020,1,0,0
MA,02/19/2020,1,0,0
MA,02/20/2020,1,0,0
MA,02/21/2020,1,0,0
MA,02/22/2020,1,0,0
MA,02/23/2020,1,0,0
MA,02/24/2020,1,0,0
MA,02/25/2020,1,0,0
MA,02/26/2020,1,0,0
MA,02/27/2020,1,0,0
MA,02/28/2020,1,0,1
MA,02/29/2020,1,0,1
MA,03/01/2020,1,0,1
MA,03/02/2020,1,0,1
MA,03/03/2020,2,0,1
MA,03/04/2020,2,0,1
MA,03/05/2020,2,0,1
MA,03/06/2020,7,0,1
MA,03/07/2020,7,0,1
MA,03/08/2020,24,0,1
MA,03/09/2020,24,0,1
MA,03/10/2020,92,0,1
MA,03/11/2020,95,0,1
MA,03/12/2020,108,0,1
MA,03/13/2020,123,0,1
MA,03/14/2020,138,0,1
MA,03/15/2020,164,0,1
MA,03/16/2020,197,0,1
MA,03/17/2020,218,0,1
MA,03/18/2020,218,0,0
MD,01/22/2020,0,0,0
MD,01/23/2020,0,0,0
MD,01/24/2020,0,0,0
MD,01/25/2020,0,0,0
MD,01/26/2020,0,0,0
MD,01/27/2020,0,0,0
MD,01/28/2020,0,0,0
MD,01/29/2020,0,0,0
MD,01/30/2020,0,0,0
MD,01/31/2020,0,0,0
MD,02/01/2020,0,0,0
MD,02/02/2020,0,0,0
MD,02/03/2020,0,0,0
MD,02/04/2020,0,0,0
MD,02/05/2020,0,0,0
MD,02/06/2020,0,0,0
MD,02/07/2020,0,0,0
MD,02/08/2020,0,0,0
MD,02/09/2020,0,0,0
MD,02/10/2020,0,0,0
MD,02/11/2020,0,0,0
MD,02/12/2020,0,0,0
MD,02/13/2020,0,0,0
MD,02/14/2020,0,0,0
MD,02/15/2020,0,0,0
MD,02/16/2020,0,0,0
MD,02/17/2020,0,0,0
MD,02/18/2020,0,0,0
MD,02/19/2020,0,0,0
MD,02/20/2020,0,0,0
MD,02/21/2020,0,0,0
MD,02/22/2020,0,0,0
MD,02/23/2020,0,0,0
MD,02/24/2020,0,0,0
MD,02/25/2020,0,0,0
MD,02/26/2020,0,0,0
MD,02/27/2020,0,0,0
MD,02/28/2020,0,0,0
MD,02/29/2020,0,0,0
MD,03/01/2020,0,0,0
MD,03/02/2020,0,0,0
MD,03/03/2020,0,0,0
MD,03/04/2020,0,0,0
MD,03/05/2020,0,0,0
MD,03/06/2020,3,0,0
MD,03/07/2020,3,0,0
MD,03/08/2020,5,0,0
MD,03/09/2020,5,0,0
MD,03/10/2020,8,0,0
MD,03/11/2020,9,0,0
MD,03/12/2020,12,0,0
MD,03/13/2020,18,0,0
MD,03/14/2020,26,0,0
MD,03/15/2020,32,0,0
MD,03/16/2020,41,0,3
MD,03/17/2020,60,0,3
MD,03/18/2020,85,0,0
ME,01/22/2020,0,0,0
ME,01/23/2020,0,0,0
ME,01/24/2020,0,0,0
ME,01/25/2020,0,0,0
ME,01/26/2020,0,0,0
ME,01/27/2020,0,0,0
ME,01/28/2020,0,0,0
ME,01/29/2020,0,0,0
ME,01/30/2020,0,0,0
ME,01/31/2020,0,0,0
ME,02/01/2020,0,0,0
ME,02/02/2020,0,0,0
ME,02/03/2020,0,0,0
ME,02/04/2020,0,0,0
ME,02/05/2020,0,0,0
ME,02/06/2020,0,0,0
ME,02/07/2020,0,0,0
ME,02/08/2020,0,0,0
ME,02/09/2020,0,0,0
ME,02/10/2020,0,0,0
ME,02/11/2020,0,0,0
ME,02/12/2020,0,0,0
ME,02/13/2020,0,0,0
ME,02/14/2020,0,0,0
ME,02/15/2020,0,0,0
ME,02/16/2020,0,0,0
ME,02/17/2020,0,0,0
ME,02/18/2020,0,0,0
ME,02/19/2020,0,0,0
ME,02/20/2020,0,0,0
ME,02/21/2020,0,0,0
ME,02/22/2020,0,0,0
ME,02/23/2020,0,0,0
ME,02/24/2020,0,0,0
ME,02/25/2020,0,0,0
ME,02/26/2020,0,0,0
ME,02/27/2020,0,0,0
ME,02/28/2020,0,0,0
ME,02/29/2020,0,0,0
ME,03/01/2020,0,0,0
ME,03/02/2020,0,0,0
ME,03/03/2020,0,0,0
ME,03/04/2020,0,0,0
ME,03/05/2020,0,0,0
ME,03/06/2020,0,0,0
ME,03/07/2020,0,0,0
ME,03/08/2020,0,0,0
ME,03/09/2020,0,0,0
ME,03/10/2020,0,0,0
ME,03/11/2020,0,0,0
ME,03/12/2020,0,0,0
ME,03/13/2020,1,0,0
ME,03/14/2020,3,0,0
ME,03/15/2020,12,0,0
ME,03/16/2020,17,0,0
ME,03/17/2020,32,0,0
ME,03/18/2020,42,0,0
MI,01/22/2020,0,0,0
MI,01/23/2020,0,0,0
MI,01/24/2020,0,0,0
MI,01/25/2020,0,0,0
MI,01/26/2020,0,0,0
MI,01/27/2020,0,0,0
MI,01/28/2020,0,0,0
MI,01/29/2020,0,0,0
MI,01/30/2020,0,0,0
MI,01/31/2020,0,0,0
MI,02/01/2020,0,0,0
MI,02/02/2020,0,0,0
MI,02/03/2020,0,0,0
MI,02/04/2020,0,0,0
MI,02/05/2020,0,0,0
MI,02/06/2020,0,0,0
MI,02/07/2020,0,0,0
MI,02/08/2020,0,0,0
MI,02/09/2020,0,0,0
MI,02/10/2020,0,0,0
MI,02/11/2020,0,0,0
MI,02/12/2020,0,0,0
MI,02/13/2020,0,0,0
MI,02/14/2020,0,0,0
MI,02/15/2020,0,0,0
MI,02/16/2020,0,0,0
MI,02/17/2020,0,0,0
MI,02/18/2020,0,0,0
MI,02/19/2020,0,0,0
MI,02/20/2020,0,0,0
MI,02/21/2020,0,0,0
MI,02/22/2020,0,0,0
MI,02/23/2020,0,0,0
MI,02/24/2020,0,0,0
MI,02/25/2020,0,0,0
MI,02/26/2020,0,0,0
MI,02/27/2020,0,0,0
MI,02/28/2020,0,0,0
MI,02/29/2020,0,0,0
MI,03/01/2020,0,0,0
MI,03/02/2020,0,0,0
MI,03/03/2020,0,0,0
MI,03/04/2020,0,0,0
MI,03/05/2020,0,0,0
MI,03/06/2020,0,0,0
MI,03/07/2020,0,0,0
MI,03/08/2020,0,0,0
MI,03/09/2020,0,0,0
MI,03/10/2020,0,0,0
MI,03/11/2020,2,0,0
MI,03/12/2020,2,0,0
MI,03/13/2020,16,0,0
MI,03/14/2020,25,0,0
MI,03/15/2020,33,0,0
MI,03/16/2020,53,0,0
MI,03/17/2020,65,0,0
MI,03/18/2020,83,0,0
MN,01/22/2020,0,0,0
MN,01/23/2020,0,0,0
MN,01/24/2020,0,0,0
MN,01/25/2020,0,0,0
MN,01/26/2020,0,0,0
MN,01/27/2020,0,0,0
MN,01/28/2020,0,0,0
MN,01/29/2020,0,0,0
MN,01/30/2020,0,0,0
MN,01/31/2020,0,0,0
MN,02/01/2020,0,0,0
MN,02/02/2020,0,0,0
MN,02/03/2020,0,0,0
MN,02/04/2020,0,0,0
MN,02/05/2020,0,0,0
MN,02/06/2020,0,0,0
MN,02/07/2020,0,0,0
MN,02/08/2020,0,0,0
MN,02/09/2020,0,0,0
MN,02/10/2020,0,0,0
MN,02/11/2020,0,0,0
MN,02/12/2020,0,0,0
MN,02/13/2020,0,0,0
MN,02/14/2020,0,0,0
MN,02/15/2020,0,0,0
MN,02/16/2020,0,0,0
MN,02/17/2020,0,0,0
MN,02/18/2020,0,0,0
MN,02/19/2020,0,0,0
MN,02/20/2020,0,0,0
MN,02/21/2020,0,0,0
MN,02/22/2020,0,0,0
MN,02/23/2020,0,0,0
MN,02/24/2020,0,0,0
MN,02/25/2020,0,0,0
MN,02/26/2020,0,0,0
MN,02/27/2020,0,0,0
MN,02/28/2020,0,0,0
MN,02/29/2020,0,0,0
MN,03/01/2020,0,0,0
MN,03/02/2020,0,0,0
MN,03/03/2020,0,0,0
MN,03/04/2020,0,0,0
MN,03/05/2020,0,0,0
MN,03/06/2020,1,0,0
MN,03/07/2020,1,0,0
MN,03/08/2020,1,0,0
MN,03/09/2020,2,0,0
MN,03/10/2020,3,0,0
MN,03/11/2020,5,0,0
MN,03/12/2020,9,0,0
MN,03/13/2020,14,0,0
MN,03/14/2020,21,0,0
MN,03/15/2020,35,0,0
MN,03/16/2020,54,0,0
MN,03/17/2020,60,0,0
MN,03/18/2020,77,0,0
MO,01/22/2020,0,0,0
MO,01/23/2020,0,0,0
MO,01/24/2020,0,0,0
MO,01/25/2020,0,0,0
MO,01/26/2020,0,0,0
MO,01/27/2020,0,0,0
MO,01/28/2020,0,0,0
MO,01/29/2020,0,0,0
MO,01/30/2020,0,0,0
MO,01/31/2020,0,0,0
MO,02/01/2020,0,0,0
MO,02/02/2020,0,0,0
MO,02/03/2020,0,0,0
MO,02/04/2020,0,0,0
MO,02/05/2020,0,0,0
MO,02/06/2020,0,0,0
MO,02/07/2020,0,0,0
MO,02/08/2020,0,0,0
MO,02/09/2020,0,0,0
MO,02/10/2020,0,0,0
MO,02/11/2020,0,0,0
MO,02/12/2020,0,0,0
MO,02/13/2020,0,0,0
MO,02/14/2020,0,0,0
MO,02/15/2020,0,0,0
MO,02/16/2020,0,0,0
MO,02/17/2020,0,0,0
MO,02/18/2020,0,0,0
MO,02/19/2020,0,0,0
MO,02/20/2020,0,0,0
MO,02/21/2020,0,0,0
MO,02/22/2020,0,0,0
MO,02/23/2020,0,0,0
MO,02/24/2020,0,0,0
MO,02/25/2020,0,0,0
MO,02/26/2020,0,0,0
MO,02/27/2020,0,0,0
MO,02/28/2020,0,0,0
MO,02/29/2020,0,0,0
MO,03/01/2020,0,0,0
MO,03/02/2020,0,0,0
MO,03/03/2020,0,0,0
MO,03/04/2020,0,0,0
MO,03/05/2020,0,0,0
MO,03/06/2020,0,0,0
MO,03/07/2020,0,0,0
MO,03/08/2020,1,0,0
MO,03/09/2020,1,0,0
MO,03/10/2020,1,0,0
MO,03/11/2020,1,0,0
MO,03/12/2020,1,0,0
MO,03/13/2020,2,0,0
MO,03/14/2020,4,0,0
MO,03/15/2020,5,0,0
MO,03/16/2020,6,0,0
MO,03/17/2020,11,0,0
MO,03/18/2020,18,0,0
MS,01/22/2020,0,0,0
MS,01/23/2020,0,0,0
MS,01/24/2020,0,0,0
MS,01/25/2020,0,0,0
MS,01/26/2020,0,0,0
MS,01/27/2020,0,0,0
MS,01/28/2020,0,0,0
MS,01/29/2020,0,0,0
MS,01/30/2020,0,0,0
MS,01/31/2020,0,0,0
MS,02/01/2020,0,0,0
MS,02/02/2020,0,0,0
MS,02/03/2020,0,0,0
MS,02/04/2020,0,0,0
MS,02/05/2020,0,0,0
MS,02/06/2020,0,0,0
MS,02/07/2020,0,0,0
MS,02/08/2020,0,0,0
MS,02/09/2020,0,0,0
MS,02/10/2020,0,0,0
MS,02/11/2020,0,0,0
MS,02/12/2020,0,0,0
MS,02/13/2020,0,0,0
MS,02/14/2020,0,0,0
MS,02/15/2020,0,0,0
MS,02/16/2020,0,0,0
MS,02/17/2020,0,0,0
MS,02/18/2020,0,0,0
MS,02/19/2020,0,0,0
MS,02/20/2020,0,0,0
MS,02/21/2020,0,0,0
MS,02/22/2020,0,0,0
MS,02/23/2020,0,0,0
MS,02/24/2020,0,0,0
MS,02/25/2020,0,0,0
MS,02/26/2020,0,0,0
MS,02/27/2020,0,0,0
MS,02/28/2020,0,0,0
MS,02/29/2020,0,0,0
MS,03/01/2020,0,0,0
MS,03/02/2020,0,0,0
MS,03/03/2020,0,0,0
MS,03/04/2020,0,0,0
MS,03/05/2020,0,0,0
MS,03/06/2020,0,0,0
MS,03/07/2020,0,0,0
MS,03/08/2020,0,0,0
MS,03/09/2020,0,0,0
MS,03/10/2020,0,0,0
MS,03/11/2020,0,0,0
MS,03/12/2020,1,0,0
MS,03/13/2020,1,0,0
MS,03/14/2020,6,0,0
MS,03/15/2020,10,0,0
MS,03/16/2020,13,0,0
MS,03/17/2020,21,0,0
MS,03/18/2020,34,0,0
MT,01/22/2020,0,0,0
MT,01/23/2020,0,0,0
MT,01/24/2020,0,0,0
MT,01/25/2020,0,0,0
MT,01/26/2020,0,0,0
MT,01/27/2020,0,0,0
MT,01/28/2020,0,0,0
MT,01/29/2020,0,0,0
MT,01/30/2020,0,0,0
MT,01/31/2020,0,0,0
MT,02/01/2020,0,0,0
MT,02/02/2020,0,0,0
MT,02/03/2020,0,0,0
MT,02/04/2020,0,0,0
MT,02/05/2020,0,0,0
MT,02/06/2020,0,0,0
MT,02/07/2020,0,0,0
MT,02/08/2020,0,0,0
MT,02/09/2020,0,0,0
MT,02/10/2020,0,0,0
MT,02/11/2020,0,0,0
MT,02/12/2020,0,0,0
MT,02/13/2020,0,0,0
MT,02/14/2020,0,0,0
MT,02/15/2020,0,0,0
MT,02/16/2020,0,0,0
MT,02/17/2020,0,0,0
MT,02/18/2020,0,0,0
MT,02/19/2020,0,0,0
MT,02/20/2020,0,0,0
MT,02/21/2020,0,0,0
MT,02/22/2020,0,0,0
MT,02/23/2020,0,0,0
MT,02/24/2020,0,0,0
MT,02/25/2020,0,0,0
MT,02/26/2020,0,0,0
MT,02/27/2020,0,0,0
MT,02/28/2020,0,0,0
MT,02/29/2020,0,0,0
MT,03/01/2020,0,0,0
MT,03/02/2020,0,0,0
MT,03/03/2020,0,0,0
MT,03/04/2020,0,0,0
MT,03/05/2020,0,0,0
MT,03/06/2020,0,0,0
MT,03/07/2020,0,0,0
MT,03/08/2020,0,0,0
MT,03/09/2020,0,0,0
MT,03/10/2020,0,0,0
MT,03/11/2020,1,0,0
MT,03/12/2020,1,0,0
MT,03/13/2020,1,0,0
MT,03/14/2020,5,0,0
MT,03/15/2020,7,0,0
MT,03/16/2020,7,0,0
MT,03/17/2020,9,0,0
MT,03/18/2020,11,0,0
NC,01/22/2020,0,0,0
NC,01/23/2020,0,0,0
NC,01/24/2020,0,0,0
NC,01/25/2020,0,0,0
NC,01/26/2020,0,0,0
NC,01/27/2020,0,0,0
NC,01/28/2020,0,0,0
NC,01/29/2020,0,0,0
NC,01/30/2020,0,0,0
NC,01/31/2020,0,0,0
NC,02/01/2020,0,0,0
NC,02/02/2020,0,0,0
NC,02/03/2020,0,0,0
NC,02/04/2020,0,0,0
NC,02/05/2020,0,0,0
NC,02/06/2020,0,0,0
NC,02/07/2020,0,0,0
NC,02/08/2020,0,0,0
NC,02/09/2020,0,0,0
NC,02/10/2020,0,0,0
NC,02/11/2020,0,0,0
NC,02/12/2020,0,0,0
NC,02/13/2020,0,0,0
NC,02/14/2020,0,0,0
NC,02/15/2020,0,0,0
NC,02/16/2020,0,0,0
NC,02/17/2020,0,0,0
NC,02/18/2020,0,0,0
NC,02/19/2020,0,0,0
NC,02/20/2020,0,0,0
NC,02/21/2020,0,0,0
NC,02/22/2020,0,0,0
NC,02/23/2020,0,0,0
NC,02/24/2020,0,0,0
NC,02/25/2020,0,0,0
NC,02/26/2020,0,0,0
NC,02/27/2020,0,0,0
NC,02/28/2020,0,0,0
NC,02/29/2020,0,0,0
NC,03/01/2020,0,0,0
NC,03/02/2020,0,0,0
NC,03/03/2020,1,0,0
NC,03/04/2020,1,0,0
NC,03/05/2020,1,0,0
NC,03/06/2020,2,0,0
NC,03/07/2020,2,0,0
NC,03/08/2020,2,0,0
NC,03/09/2020,2,0,0
NC,03/10/2020,7,0,0
NC,03/11/2020,7,0,0
NC,03/12/2020,15,0,0
NC,03/13/2020,17,0,0
NC,03/14/2020,24,0,0
NC,03/15/2020,33,0,0
NC,03/16/2020,38,0,0
NC,03/17/2020,64,0,0
NC,03/18/2020,70,0,0
ND,01/22/2020,0,0,0
ND,01/23/2020,0,0,0
ND,01/24/2020,0,0,0
ND,01/25/2020,0,0,0
ND,01/26/2020,0,0,0
ND,01/27/2020,0,0,0
ND,01/28/2020,0,0,0
ND,01/29/2020,0,0,0
ND,01/30/2020,0,0,0
ND,01/31/2020,0,0,0
ND,02/01/2020,0,0,0
ND,02/02/2020,0,0,0
ND,02/03/2020,0,0,0
ND,02/04/2020,0,0,0
ND,02/05/2020,0,0,0
ND,02/06/2020,0,0,0
ND,02/07/2020,0,0,0
ND,02/08/2020,0,0,0
ND,02/09/2020,0,0,0
ND,02/10/2020,0,0,0
ND,02/11/2020,0,0,0
ND,02/12/2020,0,0,0
ND,02/13/2020,0,0,0
ND,02/14/2020,0,0,0
ND,02/15/2020,0,0,0
ND,02/16/2020,0,0,0
ND,02/17/2020,0,0,0
ND,02/18/2020,0,0,0
ND,02/19/2020,0,0,0
ND,02/20/2020,0,0,0
ND,02/21/2020,0,0,0
ND,02/22/2020,0,0,0
ND,02/23/2020,0,0,0
ND,02/24/2020,0,0,0
ND,02/25/2020,0,0,0
ND,02/26/2020,0,0,0
ND,02/27/2020,0,0,0
ND,02/28/2020,0,0,0
ND,02/29/2020,0,0,0
ND,03/01/2020,0,0,0
ND,03/02/2020,0,0,0
ND,03/03/2020,0,0,0
ND,03/04/2020,0,0,0
ND,03/05/2020,0,0,0
ND,03/06/2020,0,0,0
ND,03/07/2020,0,0,0
ND,03/08/2020,0,0,0
ND,03/09/2020,0,0,0
ND,03/10/2020,0,0,0
ND,03/11/2020,0,0,0
ND,03/12/2020,1,0,0
ND,03/13/2020,1,0,0
ND,03/14/2020,1,0,0
ND,03/15/2020,1,0,0
ND,03/16/2020,1,0,0
ND,03/17/2020,3,0,0
ND,03/18/2020,6,0,0
NE,01/22/2020,0,0,0
NE,01/23/2020,0,0,0
NE,01/24/2020,0,0,0
NE,01/25/2020,0,0,0
NE,01/26/2020,0,0,0
NE,01/27/2020,0,0,0
NE,01/28/2020,0,0,0
NE,01/29/2020,0,0,0
NE,01/30/2020,0,0,0
NE,01/31/2020,0,0,0
NE,02/01/2020,0,0,0
NE,02/02/2020,0,0,0
NE,02/03/2020,0,0,0
NE,02/04/2020,0,0,0
NE,02/05/2020,0,0,0
NE,02/06/2020,0,0,0
NE,02/07/2020,0,0,0
NE,02/08/2020,0,0,0
NE,02/09/2020,0,0,0
NE,02/10/2020,0,0,0
NE,02/11/2020,0,0,0
NE,02/12/2020,0,0,0
NE,02/13/2020,0,0,0
NE,02/14/2020,0,0,0
NE,02/15/2020,0,0,0
NE,02/16/2020,0,0,0
NE,02/17/2020,0,0,0
NE,02/18/2020,0,0,0
NE,02/19/2020,0,0,0
NE,02/20/2020,0,0,0
NE,02/21/2020,11,0,0
NE,02/22/2020,11,0,0
NE,02/23/2020,11,0,0
NE,02/24/2020,0,0,0
NE,02/25/2020,0,0,0
NE,02/26/2020,0,0,0
NE,02/27/2020,0,0,0
NE,02/28/2020,0,0,0
NE,02/29/2020,0,0,0
NE,03/01/2020,0,0,0
NE,03/02/2020,0,0,0
NE,03/03/2020,0,0,0
NE,03/04/2020,0,0,0
NE,03/05/2020,0,0,0
NE,03/06/2020,1,0,0
NE,03/07/2020,1,0,0
NE,03/08/2020,1,0,0
NE,03/09/2020,3,0,0
NE,03/10/2020,3,0,0
NE,03/11/2020,5,0,0
NE,03/12/2020,10,0,0
NE,03/13/2020,13,0,0
NE,03/14/2020,14,0,0
NE,03/15/2020,17,0,0
NE,03/16/2020,18,0,0
NE,03/17/2020,21,0,0
NE,03/18/2020,24,0,0
NH,01/22/2020,0,0,0
NH,01/23/2020,0,0,0
NH,01/24/2020,0,0,0
NH,01/25/2020,0,0,0
NH,01/26/2020,0,0,0
NH,01/27/2020,0,0,0
NH,01/28/2020,0,0,0
NH,01/29/2020,0,0,0
NH,01/30/2020,0,0,0
NH,01/31/2020,0,0,0
NH,02/01/2020,0,0,0
NH,02/02/2020,0,0,0
NH,02/03/2020,0,0,0
NH,02/04/2020,0,0,0
NH,02/05/2020,0,0,0
NH,02/06/2020,0,0,0
NH,02/07/2020,0,0,0
NH,02/08/2020,0,0,0
NH,02/09/2020,0,0,0
NH,02/10/2020,0,0,0
NH,02/11/2020,0,0,0
NH,02/12/2020,0,0,0
NH,02/13/2020,0,0,0
NH,02/14/2020,0,0,0
NH,02/15/2020,0,0,0
NH,02/16/2020,0,0,0
NH,02/17/2020,0,0,0
NH,02/18/2020,0,0,0
NH,02/19/2020,0,0,0
NH,02/20/2020,0,0,0
NH,02/21/2020,0,0,0
NH,02/22/2020,0,0,0
NH,02/23/2020,0,0,0
NH,02/24/2020,0,0,0
NH,02/25/2020,0,0,0
NH,02/26/2020,0,0,0
NH,02/27/2020,0,0,0
NH,02/28/2020,0,0,0
NH,02/29/2020,0,0,0
NH,03/01/2020,0,0,0
NH,03/02/2020,1,0,0
NH,03/03/2020,2,0,0
NH,03/04/2020,2,0,0
NH,03/05/2020,2,0,0
NH,03/06/2020,2,0,0
NH,03/07/2020,2,0,0
NH,03/08/2020,6,0,0
NH,03/09/2020,5,0,0
NH,03/10/2020,4,0,0
NH,03/11/2020,5,0,0
NH,03/12/2020,6,0,0
NH,03/13/2020,6,0,0
NH,03/14/2020,7,0,0
NH,03/15/2020,13,0,0
NH,03/16/2020,17,0,0
NH,03/17/2020,26,0,0
NH,03/18/2020,26,0,0
NJ,01/22/2020,0,0,0
NJ,01/23/2020,0,0,0
NJ,01/24/2020,0,0,0
NJ,01/25/2020,0,0,0
NJ,01/26/2020,0,0,0
NJ,01/27/2020,0,0,0
NJ,01/28/2020,0,0,0
NJ,01/29/2020,0,0,0
NJ,01/30/2020,0,0,0
NJ,01/31/2020,0,0,0
NJ,02/01/2020,0,0,0
NJ,02/02/2020,0,0,0
NJ,02/03/2020,0,0,0
NJ,02/04/2020,0,0,0
NJ,02/05/2020,0,0,0
NJ,02/06/2020,0,0,0
NJ,02/07/2020,0,0,0
NJ,02/08/2020,0,0,0
NJ,02/09/2020,0,0,0
NJ,02/10/2020,0,0,0
NJ,02/11/2020,0,0,0
NJ,02/12/2020,0,0,0
NJ,02/13/2020,0,0,0
NJ,02/14/2020,0,0,0
NJ,02/15/2020,0,0,0
NJ,02/16/2020,0,0,0
NJ,02/17/2020,0,0,0
NJ,02/18/2020,0,0,0
NJ,02/19/2020,0,0,0
NJ,02/20/2020,0,0,0
NJ,02/21/2020,0,0,0
NJ,02/22/2020,0,0,0
NJ,02/23/2020,0,0,0
NJ,02/24/2020,0,0,0
NJ,02/25/2020,0,0,0
NJ,02/26/2020,0,0,0
NJ,02/27/2020,0,0,0
NJ,02/28/2020,0,0,0
NJ,02/29/2020,0,0,0
NJ,03/01/2020,0,0,0
NJ,03/02/2020,0,0,0
NJ,03/03/2020,0,0,0
NJ,03/04/2020,0,0,0
NJ,03/05/2020,2,0,0
NJ,03/06/2020,2,0,0
NJ,03/07/2020,4,0,0
NJ,03/08/2020,5,0,0
NJ,03/09/2020,5,0,0
NJ,03/10/2020,15,1,0
NJ,03/11/2020,23,1,0
NJ,03/12/2020,29,1,0
NJ,03/13/2020,29,1,0
NJ,03/14/2020,69,1,0
NJ,03/15/2020,98,2,0
NJ,03/16/2020,178,2,1
NJ,03/17/2020,267,3,1
NJ,03/18/2020,267,3,0
NM,01/22/2020,0,0,0
NM,01/23/2020,0,0,0
NM,01/24/2020,0,0,0
NM,01/25/2020,0,0,0
NM,01/26/2020,0,0,0
NM,01/27/2020,0,0,0
NM,01/28/2020,0,0,0
NM,01/29/2020,0,0,0
NM,01/30/2020,0,0,0
NM,01/31/2020,0,0,0
NM,02/01/2020,0,0,0
NM,02/02/2020,0,0,0
NM,02/03/2020,0,0,0
NM,02/04/2020,0,0,0
NM,02/05/2020,0,0,0
NM,02/06/2020,0,0,0
NM,02/07/2020,0,0,0
NM,02/08/2020,0,0,0
NM,02/09/2020,0,0,0
NM,02/10/2020,0,0,0
NM,02/11/2020,0,0,0
NM,02/12/2020,0,0,0
NM,02/13/2020,0,0,0
NM,02/14/2020,0,0,0
NM,02/15/2020,0,0,0
NM,02/16/2020,0,0,0
NM,02/17/2020,0,0,0
NM,02/18/2020,0,0,0
NM,02/19/2020,0,0,0
NM,02/20/2020,0,0,0
NM,02/21/2020,0,0,0
NM,02/22/2020,0,0,0
NM,02/23/2020,0,0,0
NM,02/24/2020,0,0,0
NM,02/25/2020,0,0,0
NM,02/26/2020,0,0,0
NM,02/27/2020,0,0,0
NM,02/28/2020,0,0,0
NM,02/29/2020,0,0,0
NM,03/01/2020,0,0,0
NM,03/02/2020,0,0,0
NM,03/03/2020,0,0,0
NM,03/04/2020,0,0,0
NM,03/05/2020,0,0,0
NM,03/06/2020,0,0,0
NM,03/07/2020,0,0,0
NM,03/08/2020,0,0,0
NM,03/09/2020,0,0,0
NM,03/10/2020,0,0,0
NM,03/11/2020,3,0,0
NM,03/12/2020,5,0,0
NM,03/13/2020,10,0,0
NM,03/14/2020,10,0,0
NM,03/15/2020,13,0,0
NM,03/16/2020,17,0,0
NM,03/17/2020,23,0,0
NM,03/18/2020,23,0,0
NV,01/22/2020,0,0,0
NV,01/23/2020,0,0,0
NV,01/24/2020,0,0,0
NV,01/25/2020,0,0,0
NV,01/26/2020,0,0,0
NV,01/27/2020,0,0,0
NV,01/28/2020,0,0,0
NV,01/29/2020,0,0,0
NV,01/30/2020,0,0,0
NV,01/31/2020,0,0,0
NV,02/01/2020,0,0,0
NV,02/02/2020,0,0,0
NV,02/03/2020,0,0,0
NV,02/04/2020,0,0,0
NV,02/05/2020,0,0,0
NV,02/06/2020,0,0,0
NV,02/07/2020,0,0,0
NV,02/08/2020,0,0,0
NV,02/09/2020,0,0,0
NV,02/10/2020,0,0,0
NV,02/11/2020,0,0,0
NV,02/12/2020,0,0,0
NV,02/13/2020,0,0,0
NV,02/14/2020,0,0,0
NV,02/15/2020,0,0,0
NV,02/16/2020,0,0,0
NV,02/17/2020,0,0,0
NV,02/18/2020,0,0,0
NV,02/19/2020,0,0,0
NV,02/20/2020,0,0,0
NV,02/21/2020,0,0,0
NV,02/22/2020,0,0,0
NV,02/23/2020,0,0,0
NV,02/24/2020,0,0,0
NV,02/25/2020,0,0,0
NV,02/26/2020,0,0,0
NV,02/27/2020,0,0,0
NV,02/28/2020,0,0,0
NV,02/29/2020,0,0,0
NV,03/01/2020,0,0,0
NV,03/02/2020,0,0,0
NV,03/03/2020,0,0,0
NV,03/04/2020,0,0,0
NV,03/05/2020,1,0,0
NV,03/06/2020,2,0,0
NV,03/07/2020,2,0,0
NV,03/08/2020,4,0,0
NV,03/09/2020,4,0,0
NV,03/10/2020,4,0,0
NV,03/11/2020,7,0,0
NV,03/12/2020,14,0,0
NV,03/13/2020,17,0,0
NV,03/14/2020,21,0,0
NV,03/15/2020,24,0,0
NV,03/16/2020,45,1,0
NV,03/17/2020,56,1,0
NV,03/18/2020,55,1,0
NY,01/22/2020,0,0,0
NY,01/23/2020,0,0,0
NY,01/24/2020,0,0,0
NY,01/25/2020,0,0,0
NY,01/26/2020,0,0,0
NY,01/27/2020,0,0,0
NY,01/28/2020,0,0,0
NY,01/29/2020,0,0,0
NY,01/30/2020,0,0,0
NY,01/31/2020,0,0,0
NY,02/01/2020,0,0,0
NY,02/02/2020,0,0,0
NY,02/03/2020,0,0,0
NY,02/04/2020,0,0,0
NY,02/05/2020,0,0,0
NY,02/06/2020,0,0,0
NY,02/07/2020,0,0,0
NY,02/08/2020,0,0,0
NY,02/09/2020,0,0,0
NY,02/10/2020,0,0,0
NY,02/11/2020,0,0,0
NY,02/12/2020,0,0,0
NY,02/13/2020,0,0,0
NY,02/14/2020,0,0,0
NY,02/15/2020,0,0,0
NY,02/16/2020,0,0,0
NY,02/17/2020,0,0,0
NY,02/18/2020,0,0,0
NY,02/19/2020,0,0,0
NY,02/20/2020,0,0,0
NY,02/21/2020,0,0,0
NY,02/22/2020,0,0,0
NY,02/23/2020,0,0,0
NY,02/24/2020,0,0,0
NY,02/25/2020,0,0,0
NY,02/26/2020,0,0,0
NY,02/27/2020,0,0,0
NY,02/28/2020,0,0,0
NY,02/29/2020,0,0,0
NY,03/01/2020,0,0,0
NY,03/02/2020,1,0,0
NY,03/03/2020,2,0,0
NY,03/04/2020,11,0,0
NY,03/05/2020,23,0,0
NY,03/06/2020,36,0,0
NY,03/07/2020,76,0,0
NY,03/08/2020,106,0,0
NY,03/09/2020,142,0,0
NY,03/10/2020,173,0,0
NY,03/11/2020,220,0,0
NY,03/12/2020,328,0,0
NY,03/13/2020,421,0,0
NY,03/14/2020,525,2,0
NY,03/15/2020,732,3,0
NY,03/16/2020,967,10,0
NY,03/17/2020,1706,13,0
NY,03/18/2020,2495,16,0
OH,01/22/2020,0,0,0
OH,01/23/2020,0,0,0
OH,01/24/2020,0,0,0
OH,01/25/2020,0,0,0
OH,01/26/2020,0,0,0
OH,01/27/2020,0,0,0
OH,01/28/2020,0,0,0
OH,01/29/2020,0,0,0
OH,01/30/2020,0,0,0
OH,01/31/2020,0,0,0
OH,02/01/2020,0,0,0
OH,02/02/2020,0,0,0
OH,02/03/2020,0,0,0
OH,02/04/2020,0,0,0
OH,02/05/2020,0,0,0
OH,02/06/2020,0,0,0
OH,02/07/2020,0,0,0
OH,02/08/2020,0,0,0
OH,02/09/2020,0,0,0
OH,02/10/2020,0,0,0
OH,02/11/2020,0,0,0
OH,02/12/2020,0,0,0
OH,02/13/2020,0,0,0
OH,02/14/2020,0,0,0
OH,02/15/2020,0,0,0
OH,02/16/2020,0,0,0
OH,02/17/2020,0,0,0
OH,02/18/2020,0,0,0
OH,02/19/2020,0,0,0
OH,02/20/2020,0,0,0
OH,02/21/2020,0,0,0
OH,02/22/2020,0,0,0
OH,02/23/2020,0,0,0
OH,02/24/2020,0,0,0
OH,02/25/2020,0,0,0
OH,02/26/2020,0,0,0
OH,02/27/2020,0,0,0
OH,02/28/2020,0,0,0
OH,02/29/2020,0,0,0
OH,03/01/2020,0,0,0
OH,03/02/2020,0,0,0
OH,03/03/2020,0,0,0
OH,03/04/2020,0,0,0
OH,03/05/2020,0,0,0
OH,03/06/2020,0,0,0
OH,03/07/2020,0,0,0
OH,03/08/2020,0,0,0
OH,03/09/2020,0,0,0
OH,03/10/2020,3,0,0
OH,03/11/2020,4,0,0
OH,03/12/2020,5,0,0
OH,03/13/2020,13,0,0
OH,03/14/2020,26,0,0
OH,03/15/2020,37,0,0
OH,03/16/2020,50,0,0
OH,03/17/2020,67,0,0
OH,03/18/2020,86,0,0
OK,01/22/2020,0,0,0
OK,01/23/2020,0,0,0
OK,01/24/2020,0,0,0
OK,01/25/2020,0,0,0
OK,01/26/2020,0,0,0
OK,01/27/2020,0,0,0
OK,01/28/2020,0,0,0
OK,01/29/2020,0,0,0
OK,01/30/2020,0,0,0
OK,01/31/2020,0,0,0
OK,02/01/2020,0,0,0
OK,02/02/2020,0,0,0
OK,02/03/2020,0,0,0
OK,02/04/2020,0,0,0
OK,02/05/2020,0,0,0
OK,02/06/2020,0,0,0
OK,02/07/2020,0,0,0
OK,02/08/2020,0,0,0
OK,02/09/2020,0,0,0
OK,02/10/2020,0,0,0
OK,02/11/2020,0,0,0
OK,02/12/2020,0,0,0
OK,02/13/2020,0,0,0
OK,02/14/2020,0,0,0
OK,02/15/2020,0,0,0
OK,02/16/2020,0,0,0
OK,02/17/2020,0,0,0
OK,02/18/2020,0,0,0
OK,02/19/2020,0,0,0
OK,02/20/2020,0,0,0
OK,02/21/2020,0,0,0
OK,02/22/2020,0,0,0
OK,02/23/2020,0,0,0
OK,02/24/2020,0,0,0
OK,02/25/2020,0,0,0
OK,02/26/2020,0,0,0
OK,02/27/2020,0,0,0
OK,02/28/2020,0,0,0
OK,02/29/2020,0,0,0
OK,03/01/2020,0,0,0
OK,03/02/2020,0,0,0
OK,03/03/2020,0,0,0
OK,03/04/2020,0,0,0
OK,03/05/2020,0,0,0
OK,03/06/2020,0,0,0
OK,03/07/2020,1,0,0
OK,03/08/2020,1,0,0
OK,03/09/2020,1,0,0
OK,03/10/2020,2,0,0
OK,03/11/2020,2,0,0
OK,03/12/2020,2,0,0
OK,03/13/2020,2,0,0
OK,03/14/2020,4,0,0
OK,03/15/2020,7,0,0
OK,03/16/2020,10,0,0
OK,03/17/2020,19,0,0
OK,03/18/2020,19,0,0
OR,01/22/2020,0,0,0
OR,01/23/2020,0,0,0
OR,01/24/2020,0,0,0
OR,01/25/2020,0,0,0
OR,01/26/2020,0,0,0
OR,01/27/2020,0,0,0
OR,01/28/2020,0,0,0
OR,01/29/2020,0,0,0
OR,01/30/2020,0,0,0
OR,01/31/2020,0,0,0
OR,02/01/2020,0,0,0
OR,02/02/2020,0,0,0
OR,02/03/2020,0,0,0
OR,02/04/2020,0,0,0
OR,02/05/2020,0,0,0
OR,02/06/2020,0,0,0
OR,02/07/2020,0,0,0
OR,02/08/2020,0,0,0
OR,02/09/2020,0,0,0
OR,02/10/2020,0,0,0
OR,02/11/2020,0,0,0
OR,02/12/2020,0,0,0
OR,02/13/2020,0,0,0
OR,02/14/2020,0,0,0
OR,02/15/2020,0,0,0
OR,02/16/2020,0,0,0
OR,02/17/2020,0,0,0
OR,02/18/2020,0,0,0
OR,02/19/2020,0,0,0
OR,02/20/2020,0,0,0
OR,02/21/2020,0,0,0
OR,02/22/2020,0,0,0
OR,02/23/2020,0,0,0
OR,02/24/2020,0,0,0
OR,02/25/2020,0,0,0
OR,02/26/2020,0,0,0
OR,02/27/2020,0,0,0
OR,02/28/2020,0,0,0
OR,02/29/2020,1,0,0
OR,03/01/2020,1,0,0
OR,03/02/2020,3,0,0
OR,03/03/2020,3,0,0
OR,03/04/2020,3,0,0
OR,03/05/2020,3,0,0
OR,03/06/2020,3,0,0
OR,03/07/2020,6,0,0
OR,03/08/2020,14,0,0
OR,03/09/2020,14,0,0
OR,03/10/2020,15,0,0
OR,03/11/2020,19,0,0
OR,03/12/2020,24,0,0
OR,03/13/2020,30,0,0
OR,03/14/2020,32,0,0
OR,03/15/2020,36,1,0
OR,03/16/2020,39,1,0
OR,03/17/2020,66,1,0
OR,03/18/2020,68,2,0
PA,01/22/2020,0,0,0
PA,01/23/2020,0,0,0
PA,01/24/2020,0,0,0
PA,01/25/2020,0,0,0
PA,01/26/2020,0,0,0
PA,01/27/2020,0,0,0
PA,01/28/2020,0,0,0
PA,01/29/2020,0,0,0
PA,01/30/2020,0,0,0
PA,01/31/2020,0,0,0
PA,02/01/2020,0,0,0
PA,02/02/2020,0,0,0
PA,02/03/2020,0,0,0
PA,02/04/2020,0,0,0
PA,02/05/2020,0,0,0
PA,02/06/2020,0,0,0
PA,02/07/2020,0,0,0
PA,02/08/2020,0,0,0
PA,02/09/2020,0,0,0
PA,02/10/2020,0,0,0
PA,02/11/2020,0,0,0
PA,02/12/2020,0,0,0
PA,02/13/2020,0,0,0
PA,02/14/2020,0,0,0
PA,02/15/2020,0,0,0
PA,02/16/2020,0,0,0
PA,02/17/2020,0,0,0
PA,02/18/2020,0,0,0
PA,02/19/2020,0,0,0
PA,02/20/2020,0,0,0
PA,02/21/2020,0,0,0
PA,02/22/2020,0,0,0
PA,02/23/2020,0,0,0
PA,02/24/2020,0,0,0
PA,02/25/2020,0,0,0
PA,02/26/2020,0,0,0
PA,02/27/2020,0,0,0
PA,02/28/2020,0,0,0
PA,02/29/2020,0,0,0
PA,03/01/2020,0,0,0
PA,03/02/2020,0,0,0
PA,03/03/2020,0,0,0
PA,03/04/2020,0,0,0
PA,03/05/2020,0,0,0
PA,03/06/2020,2,0,0
PA,03/07/2020,2,0,0
PA,03/08/2020,6,0,0
PA,03/09/2020,7,0,0
PA,03/10/2020,12,0,0
PA,03/11/2020,16,0,0
PA,03/12/2020,22,0,0
PA,03/13/2020,41,0,0
PA,03/14/2020,47,0,0
PA,03/15/2020,66,0,0
PA,03/16/2020,77,0,0
PA,03/17/2020,112,0,0
PA,03/18/2020,152,0,0
PR,01/22/2020,0,0,0
PR,01/23/2020,0,0,0
PR,01/24/2020,0,0,0
PR,01/25/2020,0,0,0
PR,01/26/2020,0,0,0
PR,01/27/2020,0,0,0
PR,01/28/2020,0,0,0
PR,01/29/2020,0,0,0
PR,01/30/2020,0,0,0
PR,01/31/2020,0,0,0
PR,02/01/2020,0,0,0
PR,02/02/2020,0,0,0
PR,02/03/2020,0,0,0
PR,02/04/2020,0,0,0
PR,02/05/2020,0,0,0
PR,02/06/2020,0,0,0
PR,02/07/2020,0,0,0
PR,02/08/2020,0,0,0
PR,02/09/2020,0,0,0
PR,02/10/2020,0,0,0
PR,02/11/2020,0,0,0
PR,02/12/2020,0,0,0
PR,02/13/2020,0,0,0
PR,02/14/2020,0,0,0
PR,02/15/2020,0,0,0
PR,02/16/2020,0,0,0
PR,02/17/2020,0,0,0
PR,02/18/2020,0,0,0
PR,02/19/2020,0,0,0
PR,02/20/2020,0,0,0
PR,02/21/2020,0,0,0
PR,02/22/2020,0,0,0
PR,02/23/2020,0,0,0
PR,02/24/2020,0,0,0
PR,02/25/2020,0,0,0
PR,02/26/2020,0,0,0
PR,02/27/2020,0,0,0
PR,02/28/2020,0,0,0
PR,02/29/2020,0,0,0
PR,03/01/2020,0,0,0
PR,03/02/2020,0,0,0
PR,03/03/2020,0,0,0
PR,03/04/2020,0,0,0
PR,03/05/2020,0,0,0
PR,03/06/2020,0,0,0
PR,03/07/2020,0,0,0
PR,03/08/2020,0,0,0
PR,03/09/2020,0,0,0
PR,03/10/2020,0,0,0
PR,03/11/2020,0,0,0
PR,03/12/2020,0,0,0
PR,03/13/2020,0,0,0
PR,03/14/2020,3,0,0
PR,03/15/2020,5,0,0
PR,03/16/2020,5,0,0
PR,03/17/2020,5,0,0
PR,03/18/2020,5,0,0
RI,01/22/2020,0,0,0
RI,01/23/2020,0,0,0
RI,01/24/2020,0,0,0
RI,01/25/2020,0,0,0
RI,01/26/2020,0,0,0
RI,01/27/2020,0,0,0
RI,01/28/2020,0,0,0
RI,01/29/2020,0,0,0
RI,01/30/2020,0,0,0
RI,01/31/2020,0,0,0
RI,02/01/2020,0,0,0
RI,02/02/2020,0,0,0
RI,02/03/2020,0,0,0
RI,02/04/2020,0,0,0
RI,02/05/2020,0,0,0
RI,02/06/2020,0,0,0
RI,02/07/2020,0,0,0
RI,02/08/2020,0,0,0
RI,02/09/2020,0,0,0
RI,02/10/2020,0,0,0
RI,02/11/2020,0,0,0
RI,02/12/2020,0,0,0
RI,02/13/2020,0,0,0
RI,02/14/2020,0,0,0
RI,02/15/2020,0,0,0
RI,02/16/2020,0,0,0
RI,02/17/2020,0,0,0
RI,02/18/2020,0,0,0
RI,02/19/2020,0,0,0
RI,02/20/2020,0,0,0
RI,02/21/2020,0,0,0
RI,02/22/2020,0,0,0
RI,02/23/2020,0,0,0
RI,02/24/2020,0,0,0
RI,02/25/2020,0,0,0
RI,02/26/2020,0,0,0
RI,02/27/2020,0,0,0
RI,02/28/2020,0,0,0
RI,02/29/2020,0,0,0
RI,03/01/2020,1,0,0
RI,03/02/2020,2,0,0
RI,03/03/2020,2,0,0
RI,03/04/2020,2,0,0
RI,03/05/2020,2,0,0
RI,03/06/2020,2,0,0
RI,03/07/2020,3,0,0
RI,03/08/2020,3,0,0
RI,03/09/2020,3,0,0
RI,03/10/2020,3,0,0
RI,03/11/2020,5,0,0
RI,03/12/2020,5,0,0
RI,03/13/2020,14,0,0
RI,03/14/2020,20,0,0
RI,03/15/2020,20,0,0
RI,03/16/2020,21,0,0
RI,03/17/2020,23,0,0
RI,03/18/2020,33,0,0
SC,01/22/2020,0,0,0
SC,01/23/2020,0,0,0
SC,01/24/2020,0,0,0
SC,01/25/2020,0,0,0
SC,01/26/2020,0,0,0
SC,01/27/2020,0,0,0
SC,01/28/2020,0,0,0
SC,01/29/2020,0,0,0
SC,01/30/2020,0,0,0
SC,01/31/2020,0,0,0
SC,02/01/2020,0,0,0
SC,02/02/2020,0,0,0
SC,02/03/2020,0,0,0
SC,02/04/2020,0,0,0
SC,02/05/2020,0,0,0
SC,02/06/2020,0,0,0
SC,02/07/2020,0,0,0
SC,02/08/2020,0,0,0
SC,02/09/2020,0,0,0
SC,02/10/2020,0,0,0
SC,02/11/2020,0,0,0
SC,02/12/2020,0,0,0
SC,02/13/2020,0,0,0
SC,02/14/2020,0,0,0
SC,02/15/2020,0,0,0
SC,02/16/2020,0,0,0
SC,02/17/2020,0,0,0
SC,02/18/2020,0,0,0
SC,02/19/2020,0,0,0
SC,02/20/2020,0,0,0
SC,02/21/2020,0,0,0
SC,02/22/2020,0,0,0
SC,02/23/2020,0,0,0
SC,02/24/2020,0,0,0
SC,02/25/2020,0,0,0
SC,02/26/2020,0,0,0
SC,02/27/2020,0,0,0
SC,02/28/2020,0,0,0
SC,02/29/2020,0,0,0
SC,03/01/2020,0,0,0
SC,03/02/2020,0,0,0
SC,03/03/2020,0,0,0
SC,03/04/2020,0,0,0
SC,03/05/2020,0,0,0
SC,03/06/2020,0,0,0
SC,03/07/2020,2,0,0
SC,03/08/2020,2,0,0
SC,03/09/2020,6,0,0
SC,03/10/2020,7,0,0
SC,03/11/2020,10,0,0
SC,03/12/2020,12,0,0
SC,03/13/2020,13,0,0
SC,03/14/2020,19,0,0
SC,03/15/2020,28,0,0
SC,03/16/2020,33,1,0
SC,03/17/2020,47,1,0
SC,03/18/2020,47,1,0
SD,01/22/2020,0,0,0
SD,01/23/2020,0,0,0
SD,01/24/2020,0,0,0
SD,01/25/2020,0,0,0
SD,01/26/2020,0,0,0
SD,01/27/2020,0,0,0
SD,01/28/2020,0,0,0
SD,01/29/2020,0,0,0
SD,01/30/2020,0,0,0
SD,01/31/2020,0,0,0
SD,02/01/2020,0,0,0
SD,02/02/2020,0,0,0
SD,02/03/2020,0,0,0
SD,02/04/2020,0,0,0
SD,02/05/2020,0,0,0
SD,02/06/2020,0,0,0
SD,02/07/2020,0,0,0
SD,02/08/2020,0,0,0
SD,02/09/2020,0,0,0
SD,02/10/2020,0,0,0
SD,02/11/2020,0,0,0
SD,02/12/2020,0,0,0
SD,02/13/2020,0,0,0
SD,02/14/2020,0,0,0
SD,02/15/2020,0,0,0
SD,02/16/2020,0,0,0
SD,02/17/2020,0,0,0
SD,02/18/2020,0,0,0
SD,02/19/2020,0,0,0
SD,02/20/2020,0,0,0
SD,02/21/2020,0,0,0
SD,02/22/2020,0,0,0
SD,02/23/2020,0,0,0
SD,02/24/2020,0,0,0
SD,02/25/2020,0,0,0
SD,02/26/2020,0,0,0
SD,02/27/2020,0,0,0
SD,02/28/2020,0,0,0
SD,02/29/2020,0,0,0
SD,03/01/2020,0,0,0
SD,03/02/2020,0,0,0
SD,03/03/2020,0,0,0
SD,03/04/2020,0,0,0
SD,03/05/2020,0,0,0
SD,03/06/2020,0,0,0
SD,03/07/2020,0,0,0
SD,03/08/2020,0,0,0
SD,03/09/2020,0,0,0
SD,03/10/2020,0,0,0
SD,03/11/2020,8,1,0
SD,03/12/2020,8,1,0
SD,03/13/2020,8,1,0
SD,03/14/2020,9,1,0
SD,03/15/2020,9,1,0
SD,03/16/2020,10,1,0
SD,03/17/2020,11,1,0
SD,03/18/2020,11,1,0
TN,01/22/2020,0,0,0
TN,01/23/2020,0,0,0
TN,01/24/2020,0,0,0
TN,01/25/2020,0,0,0
TN,01/26/2020,0,0,0
TN,01/27/2020,0,0,0
TN,01/28/2020,0,0,0
TN,01/29/2020,0,0,0
TN,01/30/2020,0,0,0
TN,01/31/2020,0,0,0
TN,02/01/2020,0,0,0
TN,02/02/2020,0,0,0
TN,02/03/2020,0,0,0
TN,02/04/2020,0,0,0
TN,02/05/2020,0,0,0
TN,02/06/2020,0,0,0
TN,02/07/2020,0,0,0
TN,02/08/2020,0,0,0
TN,02/09/2020,0,0,0
TN,02/10/2020,0,0,0
TN,02/11/2020,0,0,0
TN,02/12/2020,0,0,0
TN,02/13/2020,0,0,0
TN,02/14/2020,0,0,0
TN,02/15/2020,0,0,0
TN,02/16/2020,0,0,0
TN,02/17/2020,0,0,0
TN,02/18/2020,0,0,0
TN,02/19/2020,0,0,0
TN,02/20/2020,0,0,0
TN,02/21/2020,0,0,0
TN,02/22/2020,0,0,0
TN,02/23/2020,0,0,0
TN,02/24/2020,0,0,0
TN,02/25/2020,0,0,0
TN,02/26/2020,0,0,0
TN,02/27/2020,0,0,0
TN,02/28/2020,0,0,0
TN,02/29/2020,0,0,0
TN,03/01/2020,0,0,0
TN,03/02/2020,0,0,0
TN,03/03/2020,0,0,0
TN,03/04/2020,0,0,0
TN,03/05/2020,1,0,0
TN,03/06/2020,1,0,0
TN,03/07/2020,1,0,0
TN,03/08/2020,3,0,0
TN,03/09/2020,3,0,0
TN,03/10/2020,7,0,0
TN,03/11/2020,9,0,0
TN,03/12/2020,18,0,0
TN,03/13/2020,26,0,0
TN,03/14/2020,32,0,0
TN,03/15/2020,39,0,0
TN,03/16/2020,52,0,0
TN,03/17/2020,74,0,0
TN,03/18/2020,79,0,0
TX,01/22/2020,0,0,0
TX,01/23/2020,0,0,0
TX,01/24/2020,0,0,0
TX,01/25/2020,0,0,0
TX,01/26/2020,0,0,0
TX,01/27/2020,0,0,0
TX,01/28/2020,0,0,0
TX,01/29/2020,0,0,0
TX,01/30/2020,0,0,0
TX,01/31/2020,0,0,0
TX,02/01/2020,0,0,0
TX,02/02/2020,0,0,0
TX,02/03/2020,0,0,0
TX,02/04/2020,0,0,0
TX,02/05/2020,0,0,0
TX,02/06/2020,0,0,0
TX,02/07/2020,0,0,0
TX,02/08/2020,0,0,0
TX,02/09/2020,0,0,0
TX,02/10/2020,0,0,0
TX,02/11/2020,0,0,0
TX,02/12/2020,0,0,0
TX,02/13/2020,1,0,0
TX,02/14/2020,1,0,0
TX,02/15/2020,1,0,0
TX,02/16/2020,1,0,0
TX,02/17/2020,1,0,0
TX,02/18/2020,1,0,0
TX,02/19/2020,1,0,0
TX,02/20/2020,1,0,0
TX,02/21/2020,3,0,0
TX,02/22/2020,3,0,0
TX,02/23/2020,3,0,0
TX,02/24/2020,1,0,0
TX,02/25/2020,1,0,0
TX,02/26/2020,1,0,0
TX,02/27/2020,1,0,0
TX,02/28/2020,1,0,0
TX,02/29/2020,1,0,0
TX,03/01/2020,1,0,0
TX,03/02/2020,1,0,0
TX,03/03/2020,1,0,0
TX,03/04/2020,1,0,0
TX,03/05/2020,4,0,0
TX,03/06/2020,5,0,0
TX,03/07/2020,9,0,0
TX,03/08/2020,12,0,0
TX,03/09/2020,14,0,0
TX,03/10/2020,13,0,0
TX,03/11/2020,21,0,0
TX,03/12/2020,27,0,0
TX,03/13/2020,43,0,0
TX,03/14/2020,57,0,0
TX,03/15/2020,72,0,0
TX,03/16/2020,85,0,0
TX,03/17/2020,110,1,0
TX,03/18/2020,173,3,0
UT,01/22/2020,0,0,0
UT,01/23/2020,0,0,0
UT,01/24/2020,0,0,0
UT,01/25/2020,0,0,0
UT,01/26/2020,0,0,0
UT,01/27/2020,0,0,0
UT,01/28/2020,0,0,0
UT,01/29/2020,0,0,0
UT,01/30/2020,0,0,0
UT,01/31/2020,0,0,0
UT,02/01/2020,0,0,0
UT,02/02/2020,0,0,0
UT,02/03/2020,0,0,0
UT,02/04/2020,0,0,0
UT,02/05/2020,0,0,0
UT,02/06/2020,0,0,0
UT,02/07/2020,0,0,0
UT,02/08/2020,0,0,0
UT,02/09/2020,0,0,0
UT,02/10/2020,0,0,0
UT,02/11/2020,0,0,0
UT,02/12/2020,0,0,0
UT,02/13/2020,0,0,0
UT,02/14/2020,0,0,0
UT,02/15/2020,0,0,0
UT,02/16/2020,0,0,0
UT,02/17/2020,0,0,0
UT,02/18/2020,0,0,0
UT,02/19/2020,0,0,0
UT,02/20/2020,0,0,0
UT,02/21/2020,0,0,0
UT,02/22/2020,0,0,0
UT,02/23/2020,0,0,0
UT,02/24/2020,0,0,0
UT,02/25/2020,0,0,0
UT,02/26/2020,0,0,0
UT,02/27/2020,0,0,0
UT,02/28/2020,0,0,0
UT,02/29/2020,0,0,0
UT,03/01/2020,0,0,0
UT,03/02/2020,0,0,0
UT,03/03/2020,0,0,0
UT,03/04/2020,0,0,0
UT,03/05/2020,0,0,0
UT,03/06/2020,0,0,0
UT,03/07/2020,1,0,0
UT,03/08/2020,1,0,0
UT,03/09/2020,1,0,0
UT,03/10/2020,2,0,0
UT,03/11/2020,3,0,0
UT,03/12/2020,5,0,0
UT,03/13/2020,9,0,0
UT,03/14/2020,10,0,0
UT,03/15/2020,28,0,0
UT,03/16/2020,39,0,0
UT,03/17/2020,51,0,0
UT,03/18/2020,51,0,0
VA,01/22/2020,0,0,0
VA,01/23/2020,0,0,0
VA,01/24/2020,0,0,0
VA,01/25/2020,0,0,0
VA,01/26/2020,0,0,0
VA,01/27/2020,0,0,0
VA,01/28/2020,0,0,0
VA,01/29/2020,0,0,0
VA,01/30/2020,0,0,0
VA,01/31/2020,0,0,0
VA,02/01/2020,0,0,0
VA,02/02/2020,0,0,0
VA,02/03/2020,0,0,0
VA,02/04/2020,0,0,0
VA,02/05/2020,0,0,0
VA,02/06/2020,0,0,0
VA,02/07/2020,0,0,0
VA,02/08/2020,0,0,0
VA,02/09/2020,0,0,0
VA,02/10/2020,0,0,0
VA,02/11/2020,0,0,0
VA,02/12/2020,0,0,0
VA,02/13/2020,0,0,0
VA,02/14/2020,0,0,0
VA,02/15/2020,0,0,0
VA,02/16/2020,0,0,0
VA,02/17/2020,0,0,0
VA,02/18/2020,0,0,0
VA,02/19/2020,0,0,0
VA,02/20/2020,0,0,0
VA,02/21/2020,0,0,0
VA,02/22/2020,0,0,0
VA,02/23/2020,0,0,0
VA,02/24/2020,0,0,0
VA,02/25/2020,0,0,0
VA,02/26/2020,0,0,0
VA,02/27/2020,0,0,0
VA,02/28/2020,0,0,0
VA,02/29/2020,0,0,0
VA,03/01/2020,0,0,0
VA,03/02/2020,0,0,0
VA,03/03/2020,0,0,0
VA,03/04/2020,0,0,0
VA,03/05/2020,0,0,0
VA,03/06/2020,0,0,0
VA,03/07/2020,0,0,0
VA,03/08/2020,2,0,0
VA,03/09/2020,2,0,0
VA,03/10/2020,7,0,0
VA,03/11/2020,9,0,0
VA,03/12/2020,17,0,0
VA,03/13/2020,30,0,0
VA,03/14/2020,41,1,0
VA,03/15/2020,45,1,0
VA,03/16/2020,49,1,0
VA,03/17/2020,67,2,0
VA,03/18/2020,77,2,0
VI,01/22/2020,0,0,0
VI,01/23/2020,0,0,0
VI,01/24/2020,0,0,0
VI,01/25/2020,0,0,0
VI,01/26/2020,0,0,0
VI,01/27/2020,0,0,0
VI,01/28/2020,0,0,0
VI,01/29/2020,0,0,0
VI,01/30/2020,0,0,0
VI,01/31/2020,0,0,0
VI,02/01/2020,0,0,0
VI,02/02/2020,0,0,0
VI,02/03/2020,0,0,0
VI,02/04/2020,0,0,0
VI,02/05/2020,0,0,0
VI,02/06/2020,0,0,0
VI,02/07/2020,0,0,0
VI,02/08/2020,0,0,0
VI,02/09/2020,0,0,0
VI,02/10/2020,0,0,0
VI,02/11/2020,0,0,0
VI,02/12/2020,0,0,0
VI,02/13/2020,0,0,0
VI,02/14/2020,0,0,0
VI,02/15/2020,0,0,0
VI,02/16/2020,0,0,0
VI,02/17/2020,0,0,0
VI,02/18/2020,0,0,0
VI,02/19/2020,0,0,0
VI,02/20/2020,0,0,0
VI,02/21/2020,0,0,0
VI,02/22/2020,0,0,0
VI,02/23/2020,0,0,0
VI,02/24/2020,0,0,0
VI,02/25/2020,0,0,0
VI,02/26/2020,0,0,0
VI,02/27/2020,0,0,0
VI,02/28/2020,0,0,0
VI,02/29/2020,0,0,0
VI,03/01/2020,0,0,0
VI,03/02/2020,0,0,0
VI,03/03/2020,0,0,0
VI,03/04/2020,0,0,0
VI,03/05/2020,0,0,0
VI,03/06/2020,0,0,0
VI,03/07/2020,0,0,0
VI,03/08/2020,0,0,0
VI,03/09/2020,0,0,0
VI,03/10/2020,0,0,0
VI,03/11/2020,0,0,0
VI,03/12/2020,0,0,0
VI,03/13/2020,0,0,0
VI,03/14/2020,1,0,0
VI,03/15/2020,1,0,0
VI,03/16/2020,1,0,0
VI,03/17/2020,2,0,0
VI,03/18/2020,2,0,0
VT,01/22/2020,0,0,0
VT,01/23/2020,0,0,0
VT,01/24/2020,0,0,0
VT,01/25/2020,0,0,0
VT,01/26/2020,0,0,0
VT,01/27/2020,0,0,0
VT,01/28/2020,0,0,0
VT,01/29/2020,0,0,0
VT,01/30/2020,0,0,0
VT,01/31/2020,0,0,0
VT,02/01/2020,0,0,0
VT,02/02/2020,0,0,0
VT,02/03/2020,0,0,0
VT,02/04/2020,0,0,0
VT,02/05/2020,0,0,0
VT,02/06/2020,0,0,0
VT,02/07/2020,0,0,0
VT,02/08/2020,0,0,0
VT,02/09/2020,0,0,0
VT,02/10/2020,0,0,0
VT,02/11/2020,0,0,0
VT,02/12/2020,0,0,0
VT,02/13/2020,0,0,0
VT,02/14/2020,0,0,0
VT,02/15/2020,0,0,0
VT,02/16/2020,0,0,0
VT,02/17/2020,0,0,0
VT,02/18/2020,0,0,0
VT,02/19/2020,0,0,0
VT,02/20/2020,0,0,0
VT,02/21/2020,0,0,0
VT,02/22/2020,0,0,0
VT,02/23/2020,0,0,0
VT,02/24/2020,0,0,0
VT,02/25/2020,0,0,0
VT,02/26/2020,0,0,0
VT,02/27/2020,0,0,0
VT,02/28/2020,0,0,0
VT,02/29/2020,0,0,0
VT,03/01/2020,0,0,0
VT,03/02/2020,0,0,0
VT,03/03/2020,0,0,0
VT,03/04/2020,0,0,0
VT,03/05/2020,0,0,0
VT,03/06/2020,0,0,0
VT,03/07/2020,0,0,0
VT,03/08/2020,1,0,0
VT,03/09/2020,1,0,0
VT,03/10/2020,1,0,0
VT,03/11/2020,1,0,0
VT,03/12/2020,2,0,0
VT,03/13/2020,2,0,0
VT,03/14/2020,5,0,0
VT,03/15/2020,8,0,0
VT,03/16/2020,12,0,0
VT,03/17/2020,12,0,0
VT,03/18/2020,18,0,0
WA,01/22/2020,1,0,0
WA,01/23/2020,1,0,0
WA,01/24/2020,1,0,0
WA,01/25/2020,1,0,0
WA,01/26/2020,1,0,0
WA,01/27/2020,1,0,0
WA,01/28/2020,1,0,0
WA,01/29/2020,1,0,0
WA,01/30/2020,1,0,0
WA,01/31/2020,1,0,0
WA,02/01/2020,1,0,0
WA,02/02/2020,1,0,0
WA,02/03/2020,1,0,0
WA,02/04/2020,1,0,0
WA,02/05/2020,1,0,0
WA,02/06/2020,1,0,0
WA,02/07/2020,1,0,0
WA,02/08/2020,1,0,0
WA,02/09/2020,1,0,1
WA,02/10/2020,1,0,1
WA,02/11/2020,1,0,1
WA,02/12/2020,1,0,1
WA,02/13/2020,1,0,1
WA,02/14/2020,1,0,1
WA,02/15/2020,1,0,1
WA,02/16/2020,1,0,1
WA,02/17/2020,1,0,1
WA,02/18/2020,1,0,1
WA,02/19/2020,1,0,1
WA,02/20/2020,1,0,1
WA,02/21/2020,1,0,1
WA,02/22/2020,1,0,1
WA,02/23/2020,1,0,1
WA,02/24/2020,1,0,1
WA,02/25/2020,1,0,1
WA,02/26/2020,1,0,1
WA,02/27/2020,1,0,1
WA,02/28/2020,1,0,1
WA,02/29/2020,7,1,1
WA,03/01/2020,11,1,1
WA,03/02/2020,18,6,1
WA,03/03/2020,27,7,1
WA,03/04/2020,39,10,1
WA,03/05/2020,70,11,1
WA,03/06/2020,83,13,1
WA,03/07/2020,107,16,1
WA,03/08/2020,128,18,1
WA,03/09/2020,128,19,1
WA,03/10/2020,267,23,1
WA,03/11/2020,366,29,1
WA,03/12/2020,442,31,1
WA,03/13/2020,568,37,1
WA,03/14/2020,572,37,1
WA,03/15/2020,643,40,1
WA,03/16/2020,904,48,1
WA,03/17/2020,1076,55,1
WA,03/18/2020,1014,55,0
WI,01/22/2020,0,0,0
WI,01/23/2020,0,0,0
WI,01/24/2020,0,0,0
WI,01/25/2020,0,0,0
WI,01/26/2020,0,0,0
WI,01/27/2020,0,0,0
WI,01/28/2020,0,0,0
WI,01/29/2020,0,0,0
WI,01/30/2020,0,0,0
WI,01/31/2020,0,0,0
WI,02/01/2020,0,0,0
WI,02/02/2020,0,0,0
WI,02/03/2020,0,0,0
WI,02/04/2020,0,0,0
WI,02/05/2020,1,0,0
WI,02/06/2020,1,0,0
WI,02/07/2020,1,0,0
WI,02/08/2020,1,0,0
WI,02/09/2020,1,0,0
WI,02/10/2020,1,0,0
WI,02/11/2020,1,0,0
WI,02/12/2020,1,0,0
WI,02/13/2020,1,0,0
WI,02/14/2020,1,0,0
WI,02/15/2020,1,0,0
WI,02/16/2020,1,0,0
WI,02/17/2020,1,0,0
WI,02/18/2020,1,0,0
WI,02/19/2020,1,0,0
WI,02/20/2020,1,0,0
WI,02/21/2020,1,0,0
WI,02/22/2020,1,0,0
WI,02/23/2020,1,0,0
WI,02/24/2020,1,0,0
WI,02/25/2020,1,0,0
WI,02/26/2020,1,0,0
WI,02/27/2020,1,0,0
WI,02/28/2020,1,0,0
WI,02/29/2020,1,0,0
WI,03/01/2020,1,0,0
WI,03/02/2020,1,0,0
WI,03/03/2020,1,0,1
WI,03/04/2020,1,0,1
WI,03/05/2020,1,0,1
WI,03/06/2020,1,0,1
WI,03/07/2020,1,0,1
WI,03/08/2020,1,0,1
WI,03/09/2020,1,0,1
WI,03/10/2020,3,0,1
WI,03/11/2020,6,0,1
WI,03/12/2020,8,0,1
WI,03/13/2020,19,0,1
WI,03/14/2020,27,0,1
WI,03/15/2020,32,0,1
WI,03/16/2020,47,0,1
WI,03/17/2020,72,0,1
WI,03/18/2020,92,0,0
WV,01/22/2020,0,0,0
WV,01/23/2020,0,0,0
WV,01/24/2020,0,0,0
WV,01/25/2020,0,0,0
WV,01/26/2020,0,0,0
WV,01/27/2020,0,0,0
WV,01/28/2020,0,0,0
WV,01/29/2020,0,0,0
WV,01/30/2020,0,0,0
WV,01/31/2020,0,0,0
WV,02/01/2020,0,0,0
WV,02/02/2020,0,0,0
WV,02/03/2020,0,0,0
WV,02/04/2020,0,0,0
WV,02/05/2020,0,0,0
WV,02/06/2020,0,0,0
WV,02/07/2020,0,0,0
WV,02/08/2020,0,0,0
WV,02/09/2020,0,0,0
WV,02/10/2020,0,0,0
WV,02/11/2020,0,0,0
WV,02/12/2020,0,0,0
WV,02/13/2020,0,0,0
WV,02/14/2020,0,0,0
WV,02/15/2020,0,0,0
WV,02/16/2020,0,0,0
WV,02/17/2020,0,0,0
WV,02/18/2020,0,0,0
WV,02/19/2020,0,0,0
WV,02/20/2020,0,0,0
WV,02/21/2020,0,0,0
WV,02/22/2020,0,0,0
WV,02/23/2020,0,0,0
WV,02/24/2020,0,0,0
WV,02/25/2020,0,0,0
WV,02/26/2020,0,0,0
WV,02/27/2020,0,0,0
WV,02/28/2020,0,0,0
WV,02/29/2020,0,0,0
WV,03/01/2020,0,0,0
WV,03/02/2020,0,0,0
WV,03/03/2020,0,0,0
WV,03/04/2020,0,0,0
WV,03/05/2020,0,0,0
WV,03/06/2020,0,0,0
WV,03/07/2020,0,0,0
WV,03/08/2020,0,0,0
WV,03/09/2020,0,0,0
WV,03/10/2020,0,0,0
WV,03/11/2020,0,0,0
WV,03/12/2020,0,0,0
WV,03/13/2020,0,0,0
WV,03/14/2020,0,0,0
WV,03/15/2020,0,0,0
WV,03/16/2020,0,0,0
WV,03/17/2020,1,0,0
WV,03/18/2020,1,0,0
WY,01/22/2020,0,0,0
WY,01/23/2020,0,0,0
WY,01/24/2020,0,0,0
WY,01/25/2020,0,0,0
WY,01/26/2020,0,0,0
WY,01/27/2020,0,0,0
WY,01/28/2020,0,0,0
WY,01/29/2020,0,0,0
WY,01/30/2020,0,0,0
WY,01/31/2020,0,0,0
WY,02/01/2020,0,0,0
WY,02/02/2020,0,0,0
WY,02/03/2020,0,0,0
WY,02/04/2020,0,0,0
WY,02/05/2020,0,0,0
WY,02/06/2020,0,0,0
WY,02/07/2020,0,0,0
WY,02/08/2020,0,0,0
WY,02/09/2020,0,0,0
WY,02/10/2020,0,0,0
WY,02/11/2020,0,0,0
WY,02/12/2020,0,0,0
WY,02/13/2020,0,0,0
WY,02/14/2020,0,0,0
WY,02/15/2020,0,0,0
WY,02/16/2020,0,0,0
WY,02/17/2020,0,0,0
WY,02/18/2020,0,0,0
WY,02/19/2020,0,0,0
WY,02/20/2020,0,0,0
WY,02/21/2020,0,0,0
WY,02/22/2020,0,0,0
WY,02/23/2020,0,0,0
WY,02/24/2020,0,0,0
WY,02/25/2020,0,0,0
WY,02/26/2020,0,0,0
WY,02/27/2020,0,0,0
WY,02/28/2020,0,0,0
WY,02/29/2020,0,0,0
WY,03/01/2020,0,0,0
WY,03/02/2020,0,0,0
WY,03/03/2020,0,0,0
WY,03/04/2020,0,0,0
WY,03/05/2020,0,0,0
WY,03/06/2020,0,0,0
WY,03/07/2020,0,0,0
WY,03/08/2020,0,0,0
WY,03/09/2020,0,0,0
WY,03/10/2020,0,0,0
WY,03/11/2020,0,0,0
WY,03/12/2020,1,0,0
WY,03/13/2020,1,0,0
WY,03/14/2020,2,0,0
WY,03/15/2020,3,0,0
WY,03/16/2020,3,0,0
WY,03/17/2020,11,0,0
WY,03/18/2020,15,0,0
NA,03/18/2020,3,0,106
